"tensor(8.6512, device='cuda:0', grad_fn=<UnbindBackward0>)","tensor(-7.2488, device='cuda:0', grad_fn=<UnbindBackward0>)","tensor(-1.9964, device='cuda:0', grad_fn=<UnbindBackward0>)"
"tensor(6.8522, device='cuda:0', grad_fn=<UnbindBackward0>)","tensor(-2.3333, device='cuda:0', grad_fn=<UnbindBackward0>)","tensor(-4.5607, device='cuda:0', grad_fn=<UnbindBackward0>)"
"tensor(6.6462, device='cuda:0', grad_fn=<UnbindBackward0>)","tensor(-5.0018, device='cuda:0', grad_fn=<UnbindBackward0>)","tensor(-2.4636, device='cuda:0', grad_fn=<UnbindBackward0>)"
"tensor(7.1058, device='cuda:0', grad_fn=<UnbindBackward0>)","tensor(-5.8358, device='cuda:0', grad_fn=<UnbindBackward0>)","tensor(-1.8778, device='cuda:0', grad_fn=<UnbindBackward0>)"
"tensor(4.1460, device='cuda:0', grad_fn=<UnbindBackward0>)","tensor(-7.0006, device='cuda:0', grad_fn=<UnbindBackward0>)","tensor(2.0884, device='cuda:0', grad_fn=<UnbindBackward0>)"
"tensor(3.6075, device='cuda:0', grad_fn=<UnbindBackward0>)","tensor(-5.2413, device='cuda:0', grad_fn=<UnbindBackward0>)","tensor(0.7543, device='cuda:0', grad_fn=<UnbindBackward0>)"
"tensor(8.9609, device='cuda:0', grad_fn=<UnbindBackward0>)","tensor(-10.4967, device='cuda:0', grad_fn=<UnbindBackward0>)","tensor(0.6068, device='cuda:0', grad_fn=<UnbindBackward0>)"
"tensor(10.2063, device='cuda:0', grad_fn=<UnbindBackward0>)","tensor(-5.8746, device='cuda:0', grad_fn=<UnbindBackward0>)","tensor(-5.0301, device='cuda:0', grad_fn=<UnbindBackward0>)"
"tensor(3.9586, device='cuda:0', grad_fn=<UnbindBackward0>)","tensor(-5.4132, device='cuda:0', grad_fn=<UnbindBackward0>)","tensor(0.9773, device='cuda:0', grad_fn=<UnbindBackward0>)"
"tensor(7.5997, device='cuda:0', grad_fn=<UnbindBackward0>)","tensor(-5.3913, device='cuda:0', grad_fn=<UnbindBackward0>)","tensor(-2.8245, device='cuda:0', grad_fn=<UnbindBackward0>)"
"tensor(6.4648, device='cuda:0', grad_fn=<UnbindBackward0>)","tensor(-2.2120, device='cuda:0', grad_fn=<UnbindBackward0>)","tensor(-4.3616, device='cuda:0', grad_fn=<UnbindBackward0>)"
"tensor(4.6168, device='cuda:0', grad_fn=<UnbindBackward0>)","tensor(-3.4327, device='cuda:0', grad_fn=<UnbindBackward0>)","tensor(-1.6066, device='cuda:0', grad_fn=<UnbindBackward0>)"
"tensor(6.6139, device='cuda:0', grad_fn=<UnbindBackward0>)","tensor(-5.8561, device='cuda:0', grad_fn=<UnbindBackward0>)","tensor(-1.4495, device='cuda:0', grad_fn=<UnbindBackward0>)"
"tensor(4.5765, device='cuda:0', grad_fn=<UnbindBackward0>)","tensor(-3.4136, device='cuda:0', grad_fn=<UnbindBackward0>)","tensor(-1.7068, device='cuda:0', grad_fn=<UnbindBackward0>)"
"tensor(9.4493, device='cuda:0', grad_fn=<UnbindBackward0>)","tensor(-11.0952, device='cuda:0', grad_fn=<UnbindBackward0>)","tensor(0.5969, device='cuda:0', grad_fn=<UnbindBackward0>)"
"tensor(7.7930, device='cuda:0', grad_fn=<UnbindBackward0>)","tensor(-6.2184, device='cuda:0', grad_fn=<UnbindBackward0>)","tensor(-2.1404, device='cuda:0', grad_fn=<UnbindBackward0>)"
"tensor(3.9061, device='cuda:0', grad_fn=<UnbindBackward0>)","tensor(-3.0023, device='cuda:0', grad_fn=<UnbindBackward0>)","tensor(-1.6481, device='cuda:0', grad_fn=<UnbindBackward0>)"
"tensor(4.1364, device='cuda:0', grad_fn=<UnbindBackward0>)","tensor(-3.0684, device='cuda:0', grad_fn=<UnbindBackward0>)","tensor(-1.7551, device='cuda:0', grad_fn=<UnbindBackward0>)"
"tensor(2.4472, device='cuda:0', grad_fn=<UnbindBackward0>)","tensor(-2.4925, device='cuda:0', grad_fn=<UnbindBackward0>)","tensor(-0.4029, device='cuda:0', grad_fn=<UnbindBackward0>)"
"tensor(3.8520, device='cuda:0', grad_fn=<UnbindBackward0>)","tensor(-4.5160, device='cuda:0', grad_fn=<UnbindBackward0>)","tensor(-0.0553, device='cuda:0', grad_fn=<UnbindBackward0>)"
"tensor(1.7005, device='cuda:0', grad_fn=<UnbindBackward0>)","tensor(-6.6212, device='cuda:0', grad_fn=<UnbindBackward0>)","tensor(3.9783, device='cuda:0', grad_fn=<UnbindBackward0>)"
"tensor(4.1877, device='cuda:0', grad_fn=<UnbindBackward0>)","tensor(-2.7822, device='cuda:0', grad_fn=<UnbindBackward0>)","tensor(-1.8182, device='cuda:0', grad_fn=<UnbindBackward0>)"
"tensor(2.4525, device='cuda:0', grad_fn=<UnbindBackward0>)","tensor(-4.3195, device='cuda:0', grad_fn=<UnbindBackward0>)","tensor(1.2666, device='cuda:0', grad_fn=<UnbindBackward0>)"
"tensor(8.4548, device='cuda:0', grad_fn=<UnbindBackward0>)","tensor(-5.9736, device='cuda:0', grad_fn=<UnbindBackward0>)","tensor(-3.1086, device='cuda:0', grad_fn=<UnbindBackward0>)"
"tensor(6.6562, device='cuda:0', grad_fn=<UnbindBackward0>)","tensor(-4.9961, device='cuda:0', grad_fn=<UnbindBackward0>)","tensor(-2.0880, device='cuda:0', grad_fn=<UnbindBackward0>)"
"tensor(2.5157, device='cuda:0', grad_fn=<UnbindBackward0>)","tensor(-3.0827, device='cuda:0', grad_fn=<UnbindBackward0>)","tensor(0.0557, device='cuda:0', grad_fn=<UnbindBackward0>)"
"tensor(4.3260, device='cuda:0', grad_fn=<UnbindBackward0>)","tensor(-3.0263, device='cuda:0', grad_fn=<UnbindBackward0>)","tensor(-1.8442, device='cuda:0', grad_fn=<UnbindBackward0>)"
"tensor(5.7461, device='cuda:0', grad_fn=<UnbindBackward0>)","tensor(-1.3649, device='cuda:0', grad_fn=<UnbindBackward0>)","tensor(-4.6325, device='cuda:0', grad_fn=<UnbindBackward0>)"
"tensor(5.5373, device='cuda:0', grad_fn=<UnbindBackward0>)","tensor(-3.8163, device='cuda:0', grad_fn=<UnbindBackward0>)","tensor(-2.0936, device='cuda:0', grad_fn=<UnbindBackward0>)"
"tensor(4.4855, device='cuda:0', grad_fn=<UnbindBackward0>)","tensor(-4.4645, device='cuda:0', grad_fn=<UnbindBackward0>)","tensor(-0.5816, device='cuda:0', grad_fn=<UnbindBackward0>)"
"tensor(5.9703, device='cuda:0', grad_fn=<UnbindBackward0>)","tensor(-4.8846, device='cuda:0', grad_fn=<UnbindBackward0>)","tensor(-1.8575, device='cuda:0', grad_fn=<UnbindBackward0>)"
"tensor(6.8138, device='cuda:0', grad_fn=<UnbindBackward0>)","tensor(-7.6541, device='cuda:0', grad_fn=<UnbindBackward0>)","tensor(-0.3419, device='cuda:0', grad_fn=<UnbindBackward0>)"
"tensor(3.6982, device='cuda:0', grad_fn=<UnbindBackward0>)","tensor(-3.3996, device='cuda:0', grad_fn=<UnbindBackward0>)","tensor(-0.9325, device='cuda:0', grad_fn=<UnbindBackward0>)"
"tensor(2.1261, device='cuda:0', grad_fn=<UnbindBackward0>)","tensor(-3.4586, device='cuda:0', grad_fn=<UnbindBackward0>)","tensor(0.5873, device='cuda:0', grad_fn=<UnbindBackward0>)"
"tensor(9.8583, device='cuda:0', grad_fn=<UnbindBackward0>)","tensor(-3.3862, device='cuda:0', grad_fn=<UnbindBackward0>)","tensor(-6.3548, device='cuda:0', grad_fn=<UnbindBackward0>)"
"tensor(2.9757, device='cuda:0', grad_fn=<UnbindBackward0>)","tensor(-1.3151, device='cuda:0', grad_fn=<UnbindBackward0>)","tensor(-2.2846, device='cuda:0', grad_fn=<UnbindBackward0>)"
"tensor(5.2599, device='cuda:0', grad_fn=<UnbindBackward0>)","tensor(-8.2739, device='cuda:0', grad_fn=<UnbindBackward0>)","tensor(2.0240, device='cuda:0', grad_fn=<UnbindBackward0>)"
"tensor(8.0280, device='cuda:0', grad_fn=<UnbindBackward0>)","tensor(-6.6134, device='cuda:0', grad_fn=<UnbindBackward0>)","tensor(-1.9468, device='cuda:0', grad_fn=<UnbindBackward0>)"
"tensor(-3.8519, device='cuda:0', grad_fn=<UnbindBackward0>)","tensor(-2.7858, device='cuda:0', grad_fn=<UnbindBackward0>)","tensor(6.1582, device='cuda:0', grad_fn=<UnbindBackward0>)"
"tensor(4.5490, device='cuda:0', grad_fn=<UnbindBackward0>)","tensor(-5.9182, device='cuda:0', grad_fn=<UnbindBackward0>)","tensor(0.5995, device='cuda:0', grad_fn=<UnbindBackward0>)"
"tensor(5.1734, device='cuda:0', grad_fn=<UnbindBackward0>)","tensor(-7.8477, device='cuda:0', grad_fn=<UnbindBackward0>)","tensor(1.5639, device='cuda:0', grad_fn=<UnbindBackward0>)"
"tensor(8.7440, device='cuda:0', grad_fn=<UnbindBackward0>)","tensor(-7.4956, device='cuda:0', grad_fn=<UnbindBackward0>)","tensor(-1.7512, device='cuda:0', grad_fn=<UnbindBackward0>)"
"tensor(3.0834, device='cuda:0', grad_fn=<UnbindBackward0>)","tensor(-1.4632, device='cuda:0', grad_fn=<UnbindBackward0>)","tensor(-2.1689, device='cuda:0', grad_fn=<UnbindBackward0>)"
"tensor(11.2353, device='cuda:0', grad_fn=<UnbindBackward0>)","tensor(-8.8001, device='cuda:0', grad_fn=<UnbindBackward0>)","tensor(-2.9887, device='cuda:0', grad_fn=<UnbindBackward0>)"
"tensor(4.4744, device='cuda:0', grad_fn=<UnbindBackward0>)","tensor(-0.8675, device='cuda:0', grad_fn=<UnbindBackward0>)","tensor(-3.4393, device='cuda:0', grad_fn=<UnbindBackward0>)"
"tensor(1.6797, device='cuda:0', grad_fn=<UnbindBackward0>)","tensor(-0.8838, device='cuda:0', grad_fn=<UnbindBackward0>)","tensor(-1.2248, device='cuda:0', grad_fn=<UnbindBackward0>)"
"tensor(3.6160, device='cuda:0', grad_fn=<UnbindBackward0>)","tensor(-1.2754, device='cuda:0', grad_fn=<UnbindBackward0>)","tensor(-2.8323, device='cuda:0', grad_fn=<UnbindBackward0>)"
"tensor(1.5450, device='cuda:0', grad_fn=<UnbindBackward0>)","tensor(2.8788, device='cuda:0', grad_fn=<UnbindBackward0>)","tensor(-3.8640, device='cuda:0', grad_fn=<UnbindBackward0>)"
"tensor(5.4746, device='cuda:0', grad_fn=<UnbindBackward0>)","tensor(-4.4944, device='cuda:0', grad_fn=<UnbindBackward0>)","tensor(-1.5839, device='cuda:0', grad_fn=<UnbindBackward0>)"
"tensor(4.5994, device='cuda:0', grad_fn=<UnbindBackward0>)","tensor(-4.4663, device='cuda:0', grad_fn=<UnbindBackward0>)","tensor(-0.9342, device='cuda:0', grad_fn=<UnbindBackward0>)"
"tensor(4.0767, device='cuda:0', grad_fn=<UnbindBackward0>)","tensor(-3.9995, device='cuda:0', grad_fn=<UnbindBackward0>)","tensor(-0.0198, device='cuda:0', grad_fn=<UnbindBackward0>)"
"tensor(5.5377, device='cuda:0', grad_fn=<UnbindBackward0>)","tensor(-3.7468, device='cuda:0', grad_fn=<UnbindBackward0>)","tensor(-2.0572, device='cuda:0', grad_fn=<UnbindBackward0>)"
"tensor(3.7775, device='cuda:0', grad_fn=<UnbindBackward0>)","tensor(-3.5260, device='cuda:0', grad_fn=<UnbindBackward0>)","tensor(-1.1548, device='cuda:0', grad_fn=<UnbindBackward0>)"
"tensor(6.8999, device='cuda:0', grad_fn=<UnbindBackward0>)","tensor(-3.3832, device='cuda:0', grad_fn=<UnbindBackward0>)","tensor(-3.9593, device='cuda:0', grad_fn=<UnbindBackward0>)"
"tensor(8.3125, device='cuda:0', grad_fn=<UnbindBackward0>)","tensor(-5.2812, device='cuda:0', grad_fn=<UnbindBackward0>)","tensor(-3.8884, device='cuda:0', grad_fn=<UnbindBackward0>)"
"tensor(-7.6499, device='cuda:0', grad_fn=<UnbindBackward0>)","tensor(6.5919, device='cuda:0', grad_fn=<UnbindBackward0>)","tensor(1.8164, device='cuda:0', grad_fn=<UnbindBackward0>)"
"tensor(5.8431, device='cuda:0', grad_fn=<UnbindBackward0>)","tensor(-6.2831, device='cuda:0', grad_fn=<UnbindBackward0>)","tensor(0.0058, device='cuda:0', grad_fn=<UnbindBackward0>)"
"tensor(2.1269, device='cuda:0', grad_fn=<UnbindBackward0>)","tensor(-4.3573, device='cuda:0', grad_fn=<UnbindBackward0>)","tensor(1.4123, device='cuda:0', grad_fn=<UnbindBackward0>)"
"tensor(3.3416, device='cuda:0', grad_fn=<UnbindBackward0>)","tensor(0.7337, device='cuda:0', grad_fn=<UnbindBackward0>)","tensor(-4.2074, device='cuda:0', grad_fn=<UnbindBackward0>)"
"tensor(6.3983, device='cuda:0', grad_fn=<UnbindBackward0>)","tensor(-4.0519, device='cuda:0', grad_fn=<UnbindBackward0>)","tensor(-2.8260, device='cuda:0', grad_fn=<UnbindBackward0>)"
"tensor(9.1742, device='cuda:0', grad_fn=<UnbindBackward0>)","tensor(-5.5216, device='cuda:0', grad_fn=<UnbindBackward0>)","tensor(-5.0383, device='cuda:0', grad_fn=<UnbindBackward0>)"
"tensor(7.3182, device='cuda:0', grad_fn=<UnbindBackward0>)","tensor(-4.5410, device='cuda:0', grad_fn=<UnbindBackward0>)","tensor(-3.1334, device='cuda:0', grad_fn=<UnbindBackward0>)"
"tensor(6.8976, device='cuda:0', grad_fn=<UnbindBackward0>)","tensor(-4.9088, device='cuda:0', grad_fn=<UnbindBackward0>)","tensor(-1.6632, device='cuda:0', grad_fn=<UnbindBackward0>)"
"tensor(3.6469, device='cuda:0', grad_fn=<UnbindBackward0>)","tensor(-7.2236, device='cuda:0', grad_fn=<UnbindBackward0>)","tensor(2.5321, device='cuda:0', grad_fn=<UnbindBackward0>)"
"tensor(4.5172, device='cuda:0', grad_fn=<UnbindBackward0>)","tensor(-3.9551, device='cuda:0', grad_fn=<UnbindBackward0>)","tensor(-1.3268, device='cuda:0', grad_fn=<UnbindBackward0>)"
"tensor(1.2975, device='cuda:0', grad_fn=<UnbindBackward0>)","tensor(-0.9383, device='cuda:0', grad_fn=<UnbindBackward0>)","tensor(-0.6345, device='cuda:0', grad_fn=<UnbindBackward0>)"
"tensor(5.8277, device='cuda:0', grad_fn=<UnbindBackward0>)","tensor(-1.3362, device='cuda:0', grad_fn=<UnbindBackward0>)","tensor(-4.6102, device='cuda:0', grad_fn=<UnbindBackward0>)"
"tensor(6.1684, device='cuda:0', grad_fn=<UnbindBackward0>)","tensor(-0.2965, device='cuda:0', grad_fn=<UnbindBackward0>)","tensor(-6.2344, device='cuda:0', grad_fn=<UnbindBackward0>)"
"tensor(5.8651, device='cuda:0', grad_fn=<UnbindBackward0>)","tensor(-3.2186, device='cuda:0', grad_fn=<UnbindBackward0>)","tensor(-3.2563, device='cuda:0', grad_fn=<UnbindBackward0>)"
"tensor(3.5577, device='cuda:0', grad_fn=<UnbindBackward0>)","tensor(-2.6678, device='cuda:0', grad_fn=<UnbindBackward0>)","tensor(-1.4215, device='cuda:0', grad_fn=<UnbindBackward0>)"
"tensor(5.4124, device='cuda:0', grad_fn=<UnbindBackward0>)","tensor(-3.8993, device='cuda:0', grad_fn=<UnbindBackward0>)","tensor(-1.9650, device='cuda:0', grad_fn=<UnbindBackward0>)"
"tensor(4.5907, device='cuda:0', grad_fn=<UnbindBackward0>)","tensor(-3.2452, device='cuda:0', grad_fn=<UnbindBackward0>)","tensor(-1.9510, device='cuda:0', grad_fn=<UnbindBackward0>)"
"tensor(4.5065, device='cuda:0', grad_fn=<UnbindBackward0>)","tensor(-0.5344, device='cuda:0', grad_fn=<UnbindBackward0>)","tensor(-3.9846, device='cuda:0', grad_fn=<UnbindBackward0>)"
"tensor(8.5723, device='cuda:0', grad_fn=<UnbindBackward0>)","tensor(-4.4168, device='cuda:0', grad_fn=<UnbindBackward0>)","tensor(-4.9317, device='cuda:0', grad_fn=<UnbindBackward0>)"
"tensor(0.4866, device='cuda:0', grad_fn=<UnbindBackward0>)","tensor(-5.6230, device='cuda:0', grad_fn=<UnbindBackward0>)","tensor(4.0839, device='cuda:0', grad_fn=<UnbindBackward0>)"
"tensor(6.7171, device='cuda:0', grad_fn=<UnbindBackward0>)","tensor(-5.3978, device='cuda:0', grad_fn=<UnbindBackward0>)","tensor(-1.9415, device='cuda:0', grad_fn=<UnbindBackward0>)"
"tensor(2.7501, device='cuda:0', grad_fn=<UnbindBackward0>)","tensor(-2.4392, device='cuda:0', grad_fn=<UnbindBackward0>)","tensor(-1.1862, device='cuda:0', grad_fn=<UnbindBackward0>)"
"tensor(1.5514, device='cuda:0', grad_fn=<UnbindBackward0>)","tensor(-1.0237, device='cuda:0', grad_fn=<UnbindBackward0>)","tensor(-0.6554, device='cuda:0', grad_fn=<UnbindBackward0>)"
"tensor(1.3676, device='cuda:0', grad_fn=<UnbindBackward0>)","tensor(-0.7108, device='cuda:0', grad_fn=<UnbindBackward0>)","tensor(-0.8270, device='cuda:0', grad_fn=<UnbindBackward0>)"
"tensor(5.8945, device='cuda:0', grad_fn=<UnbindBackward0>)","tensor(-3.4618, device='cuda:0', grad_fn=<UnbindBackward0>)","tensor(-3.1460, device='cuda:0', grad_fn=<UnbindBackward0>)"
"tensor(3.5308, device='cuda:0', grad_fn=<UnbindBackward0>)","tensor(-2.4841, device='cuda:0', grad_fn=<UnbindBackward0>)","tensor(-1.2183, device='cuda:0', grad_fn=<UnbindBackward0>)"
"tensor(6.0948, device='cuda:0', grad_fn=<UnbindBackward0>)","tensor(-6.7326, device='cuda:0', grad_fn=<UnbindBackward0>)","tensor(0.0130, device='cuda:0', grad_fn=<UnbindBackward0>)"
"tensor(0.1364, device='cuda:0', grad_fn=<UnbindBackward0>)","tensor(-2.4389, device='cuda:0', grad_fn=<UnbindBackward0>)","tensor(1.8037, device='cuda:0', grad_fn=<UnbindBackward0>)"
"tensor(2.7391, device='cuda:0', grad_fn=<UnbindBackward0>)","tensor(-6.4015, device='cuda:0', grad_fn=<UnbindBackward0>)","tensor(3.1871, device='cuda:0', grad_fn=<UnbindBackward0>)"
"tensor(-0.4586, device='cuda:0', grad_fn=<UnbindBackward0>)","tensor(-5.6345, device='cuda:0', grad_fn=<UnbindBackward0>)","tensor(5.2336, device='cuda:0', grad_fn=<UnbindBackward0>)"
"tensor(5.4640, device='cuda:0', grad_fn=<UnbindBackward0>)","tensor(-3.8318, device='cuda:0', grad_fn=<UnbindBackward0>)","tensor(-1.9485, device='cuda:0', grad_fn=<UnbindBackward0>)"
"tensor(8.8214, device='cuda:0', grad_fn=<UnbindBackward0>)","tensor(-3.9942, device='cuda:0', grad_fn=<UnbindBackward0>)","tensor(-4.6321, device='cuda:0', grad_fn=<UnbindBackward0>)"
"tensor(5.5009, device='cuda:0', grad_fn=<UnbindBackward0>)","tensor(-6.2569, device='cuda:0', grad_fn=<UnbindBackward0>)","tensor(0.2420, device='cuda:0', grad_fn=<UnbindBackward0>)"
"tensor(10.5721, device='cuda:0', grad_fn=<UnbindBackward0>)","tensor(-4.1111, device='cuda:0', grad_fn=<UnbindBackward0>)","tensor(-6.8282, device='cuda:0', grad_fn=<UnbindBackward0>)"
"tensor(8.0116, device='cuda:0', grad_fn=<UnbindBackward0>)","tensor(-5.1434, device='cuda:0', grad_fn=<UnbindBackward0>)","tensor(-3.3313, device='cuda:0', grad_fn=<UnbindBackward0>)"
"tensor(11.8384, device='cuda:0', grad_fn=<UnbindBackward0>)","tensor(-7.9447, device='cuda:0', grad_fn=<UnbindBackward0>)","tensor(-4.6555, device='cuda:0', grad_fn=<UnbindBackward0>)"
"tensor(4.4733, device='cuda:0', grad_fn=<UnbindBackward0>)","tensor(-3.9249, device='cuda:0', grad_fn=<UnbindBackward0>)","tensor(-0.7669, device='cuda:0', grad_fn=<UnbindBackward0>)"
"tensor(1.9462, device='cuda:0', grad_fn=<UnbindBackward0>)","tensor(-3.5524, device='cuda:0', grad_fn=<UnbindBackward0>)","tensor(0.9408, device='cuda:0', grad_fn=<UnbindBackward0>)"
"tensor(8.2753, device='cuda:0', grad_fn=<UnbindBackward0>)","tensor(0.8482, device='cuda:0', grad_fn=<UnbindBackward0>)","tensor(-8.9375, device='cuda:0', grad_fn=<UnbindBackward0>)"
"tensor(1.8290, device='cuda:0', grad_fn=<UnbindBackward0>)","tensor(5.7584, device='cuda:0', grad_fn=<UnbindBackward0>)","tensor(-6.5953, device='cuda:0', grad_fn=<UnbindBackward0>)"
"tensor(6.7801, device='cuda:0', grad_fn=<UnbindBackward0>)","tensor(-3.8806, device='cuda:0', grad_fn=<UnbindBackward0>)","tensor(-3.4698, device='cuda:0', grad_fn=<UnbindBackward0>)"
"tensor(-2.1174, device='cuda:0', grad_fn=<UnbindBackward0>)","tensor(-4.4890, device='cuda:0', grad_fn=<UnbindBackward0>)","tensor(5.9572, device='cuda:0', grad_fn=<UnbindBackward0>)"
"tensor(4.1649, device='cuda:0', grad_fn=<UnbindBackward0>)","tensor(-1.4161, device='cuda:0', grad_fn=<UnbindBackward0>)","tensor(-2.8671, device='cuda:0', grad_fn=<UnbindBackward0>)"
"tensor(5.4840, device='cuda:0', grad_fn=<UnbindBackward0>)","tensor(-3.1175, device='cuda:0', grad_fn=<UnbindBackward0>)","tensor(-2.7998, device='cuda:0', grad_fn=<UnbindBackward0>)"
"tensor(2.2195, device='cuda:0', grad_fn=<UnbindBackward0>)","tensor(-6.0791, device='cuda:0', grad_fn=<UnbindBackward0>)","tensor(2.3237, device='cuda:0', grad_fn=<UnbindBackward0>)"
"tensor(7.6966, device='cuda:0', grad_fn=<UnbindBackward0>)","tensor(-5.4263, device='cuda:0', grad_fn=<UnbindBackward0>)","tensor(-2.5461, device='cuda:0', grad_fn=<UnbindBackward0>)"
"tensor(3.9732, device='cuda:0', grad_fn=<UnbindBackward0>)","tensor(-5.2816, device='cuda:0', grad_fn=<UnbindBackward0>)","tensor(0.8628, device='cuda:0', grad_fn=<UnbindBackward0>)"
"tensor(8.2253, device='cuda:0', grad_fn=<UnbindBackward0>)","tensor(-6.3935, device='cuda:0', grad_fn=<UnbindBackward0>)","tensor(-2.8761, device='cuda:0', grad_fn=<UnbindBackward0>)"
"tensor(6.1395, device='cuda:0', grad_fn=<UnbindBackward0>)","tensor(-5.3557, device='cuda:0', grad_fn=<UnbindBackward0>)","tensor(-2.0066, device='cuda:0', grad_fn=<UnbindBackward0>)"
"tensor(0.9559, device='cuda:0', grad_fn=<UnbindBackward0>)","tensor(-0.0895, device='cuda:0', grad_fn=<UnbindBackward0>)","tensor(-1.0382, device='cuda:0', grad_fn=<UnbindBackward0>)"
"tensor(3.7454, device='cuda:0', grad_fn=<UnbindBackward0>)","tensor(-1.7637, device='cuda:0', grad_fn=<UnbindBackward0>)","tensor(-2.2976, device='cuda:0', grad_fn=<UnbindBackward0>)"
"tensor(3.5687, device='cuda:0', grad_fn=<UnbindBackward0>)","tensor(-4.3811, device='cuda:0', grad_fn=<UnbindBackward0>)","tensor(0.1753, device='cuda:0', grad_fn=<UnbindBackward0>)"
"tensor(-4.7262, device='cuda:0', grad_fn=<UnbindBackward0>)","tensor(6.6853, device='cuda:0', grad_fn=<UnbindBackward0>)","tensor(-1.2505, device='cuda:0', grad_fn=<UnbindBackward0>)"
"tensor(-3.1493, device='cuda:0', grad_fn=<UnbindBackward0>)","tensor(6.4032, device='cuda:0', grad_fn=<UnbindBackward0>)","tensor(-2.6138, device='cuda:0', grad_fn=<UnbindBackward0>)"
"tensor(-3.9097, device='cuda:0', grad_fn=<UnbindBackward0>)","tensor(5.5774, device='cuda:0', grad_fn=<UnbindBackward0>)","tensor(-1.3526, device='cuda:0', grad_fn=<UnbindBackward0>)"
"tensor(-2.3435, device='cuda:0', grad_fn=<UnbindBackward0>)","tensor(1.9983, device='cuda:0', grad_fn=<UnbindBackward0>)","tensor(0.0129, device='cuda:0', grad_fn=<UnbindBackward0>)"
"tensor(-4.6615, device='cuda:0', grad_fn=<UnbindBackward0>)","tensor(9.2680, device='cuda:0', grad_fn=<UnbindBackward0>)","tensor(-3.5735, device='cuda:0', grad_fn=<UnbindBackward0>)"
"tensor(-1.6454, device='cuda:0', grad_fn=<UnbindBackward0>)","tensor(-3.0117, device='cuda:0', grad_fn=<UnbindBackward0>)","tensor(3.9560, device='cuda:0', grad_fn=<UnbindBackward0>)"
"tensor(-5.5489, device='cuda:0', grad_fn=<UnbindBackward0>)","tensor(-5.3673, device='cuda:0', grad_fn=<UnbindBackward0>)","tensor(9.5315, device='cuda:0', grad_fn=<UnbindBackward0>)"
"tensor(-5.9298, device='cuda:0', grad_fn=<UnbindBackward0>)","tensor(11.4168, device='cuda:0', grad_fn=<UnbindBackward0>)","tensor(-5.7264, device='cuda:0', grad_fn=<UnbindBackward0>)"
"tensor(-4.2605, device='cuda:0', grad_fn=<UnbindBackward0>)","tensor(-1.5214, device='cuda:0', grad_fn=<UnbindBackward0>)","tensor(4.6227, device='cuda:0', grad_fn=<UnbindBackward0>)"
"tensor(-1.4529, device='cuda:0', grad_fn=<UnbindBackward0>)","tensor(-2.5728, device='cuda:0', grad_fn=<UnbindBackward0>)","tensor(3.5279, device='cuda:0', grad_fn=<UnbindBackward0>)"
"tensor(-2.0648, device='cuda:0', grad_fn=<UnbindBackward0>)","tensor(1.7422, device='cuda:0', grad_fn=<UnbindBackward0>)","tensor(0.2515, device='cuda:0', grad_fn=<UnbindBackward0>)"
"tensor(-0.8333, device='cuda:0', grad_fn=<UnbindBackward0>)","tensor(-3.3878, device='cuda:0', grad_fn=<UnbindBackward0>)","tensor(3.5611, device='cuda:0', grad_fn=<UnbindBackward0>)"
"tensor(-0.2598, device='cuda:0', grad_fn=<UnbindBackward0>)","tensor(6.5762, device='cuda:0', grad_fn=<UnbindBackward0>)","tensor(-5.4536, device='cuda:0', grad_fn=<UnbindBackward0>)"
"tensor(-4.6743, device='cuda:0', grad_fn=<UnbindBackward0>)","tensor(5.3544, device='cuda:0', grad_fn=<UnbindBackward0>)","tensor(-0.7181, device='cuda:0', grad_fn=<UnbindBackward0>)"
"tensor(0.8183, device='cuda:0', grad_fn=<UnbindBackward0>)","tensor(-4.4432, device='cuda:0', grad_fn=<UnbindBackward0>)","tensor(2.6625, device='cuda:0', grad_fn=<UnbindBackward0>)"
"tensor(-2.1387, device='cuda:0', grad_fn=<UnbindBackward0>)","tensor(-4.6981, device='cuda:0', grad_fn=<UnbindBackward0>)","tensor(5.4788, device='cuda:0', grad_fn=<UnbindBackward0>)"
"tensor(1.6097, device='cuda:0', grad_fn=<UnbindBackward0>)","tensor(-2.6822, device='cuda:0', grad_fn=<UnbindBackward0>)","tensor(0.4181, device='cuda:0', grad_fn=<UnbindBackward0>)"
"tensor(-1.1980, device='cuda:0', grad_fn=<UnbindBackward0>)","tensor(-3.4117, device='cuda:0', grad_fn=<UnbindBackward0>)","tensor(3.5827, device='cuda:0', grad_fn=<UnbindBackward0>)"
"tensor(-5.9388, device='cuda:0', grad_fn=<UnbindBackward0>)","tensor(-0.0773, device='cuda:0', grad_fn=<UnbindBackward0>)","tensor(5.6563, device='cuda:0', grad_fn=<UnbindBackward0>)"
"tensor(0.2588, device='cuda:0', grad_fn=<UnbindBackward0>)","tensor(-6.1470, device='cuda:0', grad_fn=<UnbindBackward0>)","tensor(5.1752, device='cuda:0', grad_fn=<UnbindBackward0>)"
"tensor(-4.4513, device='cuda:0', grad_fn=<UnbindBackward0>)","tensor(3.6286, device='cuda:0', grad_fn=<UnbindBackward0>)","tensor(0.5050, device='cuda:0', grad_fn=<UnbindBackward0>)"
"tensor(-3.6923, device='cuda:0', grad_fn=<UnbindBackward0>)","tensor(-0.8219, device='cuda:0', grad_fn=<UnbindBackward0>)","tensor(3.8198, device='cuda:0', grad_fn=<UnbindBackward0>)"
"tensor(-5.0668, device='cuda:0', grad_fn=<UnbindBackward0>)","tensor(6.6383, device='cuda:0', grad_fn=<UnbindBackward0>)","tensor(-1.0845, device='cuda:0', grad_fn=<UnbindBackward0>)"
"tensor(-3.5704, device='cuda:0', grad_fn=<UnbindBackward0>)","tensor(-4.9724, device='cuda:0', grad_fn=<UnbindBackward0>)","tensor(7.8870, device='cuda:0', grad_fn=<UnbindBackward0>)"
"tensor(-0.0622, device='cuda:0', grad_fn=<UnbindBackward0>)","tensor(-5.2702, device='cuda:0', grad_fn=<UnbindBackward0>)","tensor(4.6529, device='cuda:0', grad_fn=<UnbindBackward0>)"
"tensor(-2.1466, device='cuda:0', grad_fn=<UnbindBackward0>)","tensor(13.8563, device='cuda:0', grad_fn=<UnbindBackward0>)","tensor(-10.0986, device='cuda:0', grad_fn=<UnbindBackward0>)"
"tensor(-9.4875, device='cuda:0', grad_fn=<UnbindBackward0>)","tensor(14.6821, device='cuda:0', grad_fn=<UnbindBackward0>)","tensor(-4.6204, device='cuda:0', grad_fn=<UnbindBackward0>)"
"tensor(-2.5050, device='cuda:0', grad_fn=<UnbindBackward0>)","tensor(-3.2826, device='cuda:0', grad_fn=<UnbindBackward0>)","tensor(4.7567, device='cuda:0', grad_fn=<UnbindBackward0>)"
"tensor(3.7689, device='cuda:0', grad_fn=<UnbindBackward0>)","tensor(-8.7643, device='cuda:0', grad_fn=<UnbindBackward0>)","tensor(3.8227, device='cuda:0', grad_fn=<UnbindBackward0>)"
"tensor(-3.7577, device='cuda:0', grad_fn=<UnbindBackward0>)","tensor(-0.2614, device='cuda:0', grad_fn=<UnbindBackward0>)","tensor(3.2805, device='cuda:0', grad_fn=<UnbindBackward0>)"
"tensor(-8.4128, device='cuda:0', grad_fn=<UnbindBackward0>)","tensor(14.7925, device='cuda:0', grad_fn=<UnbindBackward0>)","tensor(-4.8589, device='cuda:0', grad_fn=<UnbindBackward0>)"
"tensor(-2.0103, device='cuda:0', grad_fn=<UnbindBackward0>)","tensor(12.0383, device='cuda:0', grad_fn=<UnbindBackward0>)","tensor(-9.1961, device='cuda:0', grad_fn=<UnbindBackward0>)"
"tensor(-2.2660, device='cuda:0', grad_fn=<UnbindBackward0>)","tensor(7.3992, device='cuda:0', grad_fn=<UnbindBackward0>)","tensor(-4.3878, device='cuda:0', grad_fn=<UnbindBackward0>)"
"tensor(-2.1581, device='cuda:0', grad_fn=<UnbindBackward0>)","tensor(4.3901, device='cuda:0', grad_fn=<UnbindBackward0>)","tensor(-2.3893, device='cuda:0', grad_fn=<UnbindBackward0>)"
"tensor(-7.0274, device='cuda:0', grad_fn=<UnbindBackward0>)","tensor(8.9410, device='cuda:0', grad_fn=<UnbindBackward0>)","tensor(-0.8805, device='cuda:0', grad_fn=<UnbindBackward0>)"
"tensor(-2.9450, device='cuda:0', grad_fn=<UnbindBackward0>)","tensor(6.9217, device='cuda:0', grad_fn=<UnbindBackward0>)","tensor(-3.1794, device='cuda:0', grad_fn=<UnbindBackward0>)"
"tensor(-3.6075, device='cuda:0', grad_fn=<UnbindBackward0>)","tensor(5.5701, device='cuda:0', grad_fn=<UnbindBackward0>)","tensor(-1.5324, device='cuda:0', grad_fn=<UnbindBackward0>)"
"tensor(-4.4333, device='cuda:0', grad_fn=<UnbindBackward0>)","tensor(10.0253, device='cuda:0', grad_fn=<UnbindBackward0>)","tensor(-4.8088, device='cuda:0', grad_fn=<UnbindBackward0>)"
"tensor(-3.1803, device='cuda:0', grad_fn=<UnbindBackward0>)","tensor(5.2451, device='cuda:0', grad_fn=<UnbindBackward0>)","tensor(-1.6065, device='cuda:0', grad_fn=<UnbindBackward0>)"
"tensor(-4.9748, device='cuda:0', grad_fn=<UnbindBackward0>)","tensor(9.4289, device='cuda:0', grad_fn=<UnbindBackward0>)","tensor(-4.3664, device='cuda:0', grad_fn=<UnbindBackward0>)"
"tensor(-9.6907, device='cuda:0', grad_fn=<UnbindBackward0>)","tensor(8.7511, device='cuda:0', grad_fn=<UnbindBackward0>)","tensor(1.3191, device='cuda:0', grad_fn=<UnbindBackward0>)"
"tensor(-3.7338, device='cuda:0', grad_fn=<UnbindBackward0>)","tensor(6.2419, device='cuda:0', grad_fn=<UnbindBackward0>)","tensor(-2.2053, device='cuda:0', grad_fn=<UnbindBackward0>)"
"tensor(-3.8640, device='cuda:0', grad_fn=<UnbindBackward0>)","tensor(8.5343, device='cuda:0', grad_fn=<UnbindBackward0>)","tensor(-4.2233, device='cuda:0', grad_fn=<UnbindBackward0>)"
"tensor(-7.1957, device='cuda:0', grad_fn=<UnbindBackward0>)","tensor(5.4427, device='cuda:0', grad_fn=<UnbindBackward0>)","tensor(2.2639, device='cuda:0', grad_fn=<UnbindBackward0>)"
"tensor(-1.9178, device='cuda:0', grad_fn=<UnbindBackward0>)","tensor(-6.9063, device='cuda:0', grad_fn=<UnbindBackward0>)","tensor(8.7282, device='cuda:0', grad_fn=<UnbindBackward0>)"
"tensor(-3.8723, device='cuda:0', grad_fn=<UnbindBackward0>)","tensor(7.2963, device='cuda:0', grad_fn=<UnbindBackward0>)","tensor(-3.2566, device='cuda:0', grad_fn=<UnbindBackward0>)"
"tensor(-9.5820, device='cuda:0', grad_fn=<UnbindBackward0>)","tensor(-0.3938, device='cuda:0', grad_fn=<UnbindBackward0>)","tensor(9.2081, device='cuda:0', grad_fn=<UnbindBackward0>)"
"tensor(-3.8574, device='cuda:0', grad_fn=<UnbindBackward0>)","tensor(-2.7405, device='cuda:0', grad_fn=<UnbindBackward0>)","tensor(5.9641, device='cuda:0', grad_fn=<UnbindBackward0>)"
"tensor(-3.8273, device='cuda:0', grad_fn=<UnbindBackward0>)","tensor(-2.4677, device='cuda:0', grad_fn=<UnbindBackward0>)","tensor(5.0987, device='cuda:0', grad_fn=<UnbindBackward0>)"
"tensor(-7.3173, device='cuda:0', grad_fn=<UnbindBackward0>)","tensor(6.7475, device='cuda:0', grad_fn=<UnbindBackward0>)","tensor(0.9986, device='cuda:0', grad_fn=<UnbindBackward0>)"
"tensor(-1.8166, device='cuda:0', grad_fn=<UnbindBackward0>)","tensor(-0.3828, device='cuda:0', grad_fn=<UnbindBackward0>)","tensor(1.7485, device='cuda:0', grad_fn=<UnbindBackward0>)"
"tensor(-3.1348, device='cuda:0', grad_fn=<UnbindBackward0>)","tensor(-0.3892, device='cuda:0', grad_fn=<UnbindBackward0>)","tensor(3.1019, device='cuda:0', grad_fn=<UnbindBackward0>)"
"tensor(-0.7909, device='cuda:0', grad_fn=<UnbindBackward0>)","tensor(-11.6206, device='cuda:0', grad_fn=<UnbindBackward0>)","tensor(10.0026, device='cuda:0', grad_fn=<UnbindBackward0>)"
"tensor(-6.3947, device='cuda:0', grad_fn=<UnbindBackward0>)","tensor(6.1170, device='cuda:0', grad_fn=<UnbindBackward0>)","tensor(0.2505, device='cuda:0', grad_fn=<UnbindBackward0>)"
"tensor(-3.2311, device='cuda:0', grad_fn=<UnbindBackward0>)","tensor(-12.4553, device='cuda:0', grad_fn=<UnbindBackward0>)","tensor(12.9859, device='cuda:0', grad_fn=<UnbindBackward0>)"
"tensor(-4.3948, device='cuda:0', grad_fn=<UnbindBackward0>)","tensor(9.8390, device='cuda:0', grad_fn=<UnbindBackward0>)","tensor(-4.5525, device='cuda:0', grad_fn=<UnbindBackward0>)"
"tensor(-4.9148, device='cuda:0', grad_fn=<UnbindBackward0>)","tensor(5.7036, device='cuda:0', grad_fn=<UnbindBackward0>)","tensor(-1.0326, device='cuda:0', grad_fn=<UnbindBackward0>)"
"tensor(-2.8079, device='cuda:0', grad_fn=<UnbindBackward0>)","tensor(7.4195, device='cuda:0', grad_fn=<UnbindBackward0>)","tensor(-3.8737, device='cuda:0', grad_fn=<UnbindBackward0>)"
"tensor(-2.3361, device='cuda:0', grad_fn=<UnbindBackward0>)","tensor(3.9331, device='cuda:0', grad_fn=<UnbindBackward0>)","tensor(-1.2266, device='cuda:0', grad_fn=<UnbindBackward0>)"
"tensor(-4.2111, device='cuda:0', grad_fn=<UnbindBackward0>)","tensor(10.4340, device='cuda:0', grad_fn=<UnbindBackward0>)","tensor(-5.0895, device='cuda:0', grad_fn=<UnbindBackward0>)"
"tensor(-3.0569, device='cuda:0', grad_fn=<UnbindBackward0>)","tensor(-5.2555, device='cuda:0', grad_fn=<UnbindBackward0>)","tensor(7.6190, device='cuda:0', grad_fn=<UnbindBackward0>)"
"tensor(-2.3858, device='cuda:0', grad_fn=<UnbindBackward0>)","tensor(3.7513, device='cuda:0', grad_fn=<UnbindBackward0>)","tensor(-1.3639, device='cuda:0', grad_fn=<UnbindBackward0>)"
"tensor(-1.0557, device='cuda:0', grad_fn=<UnbindBackward0>)","tensor(-3.3274, device='cuda:0', grad_fn=<UnbindBackward0>)","tensor(3.4253, device='cuda:0', grad_fn=<UnbindBackward0>)"
"tensor(-7.9012, device='cuda:0', grad_fn=<UnbindBackward0>)","tensor(13.7304, device='cuda:0', grad_fn=<UnbindBackward0>)","tensor(-4.9993, device='cuda:0', grad_fn=<UnbindBackward0>)"
"tensor(-4.8288, device='cuda:0', grad_fn=<UnbindBackward0>)","tensor(3.8454, device='cuda:0', grad_fn=<UnbindBackward0>)","tensor(1.1647, device='cuda:0', grad_fn=<UnbindBackward0>)"
"tensor(-4.2396, device='cuda:0', grad_fn=<UnbindBackward0>)","tensor(-2.7074, device='cuda:0', grad_fn=<UnbindBackward0>)","tensor(5.6553, device='cuda:0', grad_fn=<UnbindBackward0>)"
"tensor(-1.1235, device='cuda:0', grad_fn=<UnbindBackward0>)","tensor(-3.7992, device='cuda:0', grad_fn=<UnbindBackward0>)","tensor(4.5822, device='cuda:0', grad_fn=<UnbindBackward0>)"
"tensor(-0.6644, device='cuda:0', grad_fn=<UnbindBackward0>)","tensor(-5.4512, device='cuda:0', grad_fn=<UnbindBackward0>)","tensor(5.0402, device='cuda:0', grad_fn=<UnbindBackward0>)"
"tensor(-2.4746, device='cuda:0', grad_fn=<UnbindBackward0>)","tensor(-3.3188, device='cuda:0', grad_fn=<UnbindBackward0>)","tensor(5.0942, device='cuda:0', grad_fn=<UnbindBackward0>)"
"tensor(-1.2884, device='cuda:0', grad_fn=<UnbindBackward0>)","tensor(7.4155, device='cuda:0', grad_fn=<UnbindBackward0>)","tensor(-5.3648, device='cuda:0', grad_fn=<UnbindBackward0>)"
"tensor(-1.8111, device='cuda:0', grad_fn=<UnbindBackward0>)","tensor(8.0420, device='cuda:0', grad_fn=<UnbindBackward0>)","tensor(-6.0476, device='cuda:0', grad_fn=<UnbindBackward0>)"
"tensor(-4.2830, device='cuda:0', grad_fn=<UnbindBackward0>)","tensor(-1.8102, device='cuda:0', grad_fn=<UnbindBackward0>)","tensor(5.7628, device='cuda:0', grad_fn=<UnbindBackward0>)"
"tensor(0.8118, device='cuda:0', grad_fn=<UnbindBackward0>)","tensor(-5.5544, device='cuda:0', grad_fn=<UnbindBackward0>)","tensor(3.8979, device='cuda:0', grad_fn=<UnbindBackward0>)"
"tensor(-2.6916, device='cuda:0', grad_fn=<UnbindBackward0>)","tensor(10.0174, device='cuda:0', grad_fn=<UnbindBackward0>)","tensor(-6.8008, device='cuda:0', grad_fn=<UnbindBackward0>)"
"tensor(-0.3715, device='cuda:0', grad_fn=<UnbindBackward0>)","tensor(-10.8517, device='cuda:0', grad_fn=<UnbindBackward0>)","tensor(9.5326, device='cuda:0', grad_fn=<UnbindBackward0>)"
"tensor(-4.8892, device='cuda:0', grad_fn=<UnbindBackward0>)","tensor(5.1512, device='cuda:0', grad_fn=<UnbindBackward0>)","tensor(-0.0844, device='cuda:0', grad_fn=<UnbindBackward0>)"
"tensor(0.8939, device='cuda:0', grad_fn=<UnbindBackward0>)","tensor(-7.7559, device='cuda:0', grad_fn=<UnbindBackward0>)","tensor(5.8097, device='cuda:0', grad_fn=<UnbindBackward0>)"
"tensor(-4.8880, device='cuda:0', grad_fn=<UnbindBackward0>)","tensor(-7.1396, device='cuda:0', grad_fn=<UnbindBackward0>)","tensor(10.4713, device='cuda:0', grad_fn=<UnbindBackward0>)"
"tensor(-1.4226, device='cuda:0', grad_fn=<UnbindBackward0>)","tensor(-3.5804, device='cuda:0', grad_fn=<UnbindBackward0>)","tensor(4.4320, device='cuda:0', grad_fn=<UnbindBackward0>)"
"tensor(-5.5773, device='cuda:0', grad_fn=<UnbindBackward0>)","tensor(-0.4775, device='cuda:0', grad_fn=<UnbindBackward0>)","tensor(5.6343, device='cuda:0', grad_fn=<UnbindBackward0>)"
"tensor(-1.2510, device='cuda:0', grad_fn=<UnbindBackward0>)","tensor(-1.1835, device='cuda:0', grad_fn=<UnbindBackward0>)","tensor(1.8065, device='cuda:0', grad_fn=<UnbindBackward0>)"
"tensor(-1.0586, device='cuda:0', grad_fn=<UnbindBackward0>)","tensor(2.1687, device='cuda:0', grad_fn=<UnbindBackward0>)","tensor(-1.2824, device='cuda:0', grad_fn=<UnbindBackward0>)"
"tensor(-6.5582, device='cuda:0', grad_fn=<UnbindBackward0>)","tensor(6.5192, device='cuda:0', grad_fn=<UnbindBackward0>)","tensor(0.3329, device='cuda:0', grad_fn=<UnbindBackward0>)"
"tensor(-0.5130, device='cuda:0', grad_fn=<UnbindBackward0>)","tensor(-2.3091, device='cuda:0', grad_fn=<UnbindBackward0>)","tensor(2.1119, device='cuda:0', grad_fn=<UnbindBackward0>)"
"tensor(-2.2029, device='cuda:0', grad_fn=<UnbindBackward0>)","tensor(5.6822, device='cuda:0', grad_fn=<UnbindBackward0>)","tensor(-2.9680, device='cuda:0', grad_fn=<UnbindBackward0>)"
"tensor(-3.6614, device='cuda:0', grad_fn=<UnbindBackward0>)","tensor(9.6343, device='cuda:0', grad_fn=<UnbindBackward0>)","tensor(-4.6087, device='cuda:0', grad_fn=<UnbindBackward0>)"
"tensor(-3.5802, device='cuda:0', grad_fn=<UnbindBackward0>)","tensor(5.2835, device='cuda:0', grad_fn=<UnbindBackward0>)","tensor(-1.5461, device='cuda:0', grad_fn=<UnbindBackward0>)"
"tensor(-1.0264, device='cuda:0', grad_fn=<UnbindBackward0>)","tensor(-9.4662, device='cuda:0', grad_fn=<UnbindBackward0>)","tensor(8.5934, device='cuda:0', grad_fn=<UnbindBackward0>)"
"tensor(-2.8548, device='cuda:0', grad_fn=<UnbindBackward0>)","tensor(7.3581, device='cuda:0', grad_fn=<UnbindBackward0>)","tensor(-3.6350, device='cuda:0', grad_fn=<UnbindBackward0>)"
"tensor(-2.7458, device='cuda:0', grad_fn=<UnbindBackward0>)","tensor(-2.5182, device='cuda:0', grad_fn=<UnbindBackward0>)","tensor(4.6839, device='cuda:0', grad_fn=<UnbindBackward0>)"
"tensor(-0.5201, device='cuda:0', grad_fn=<UnbindBackward0>)","tensor(5.0877, device='cuda:0', grad_fn=<UnbindBackward0>)","tensor(-4.3507, device='cuda:0', grad_fn=<UnbindBackward0>)"
"tensor(-1.8106, device='cuda:0', grad_fn=<UnbindBackward0>)","tensor(-2.3346, device='cuda:0', grad_fn=<UnbindBackward0>)","tensor(3.2892, device='cuda:0', grad_fn=<UnbindBackward0>)"
"tensor(-3.6727, device='cuda:0', grad_fn=<UnbindBackward0>)","tensor(2.9240, device='cuda:0', grad_fn=<UnbindBackward0>)","tensor(0.2734, device='cuda:0', grad_fn=<UnbindBackward0>)"
"tensor(-7.1948, device='cuda:0', grad_fn=<UnbindBackward0>)","tensor(6.5719, device='cuda:0', grad_fn=<UnbindBackward0>)","tensor(0.8538, device='cuda:0', grad_fn=<UnbindBackward0>)"
"tensor(-2.3752, device='cuda:0', grad_fn=<UnbindBackward0>)","tensor(6.1548, device='cuda:0', grad_fn=<UnbindBackward0>)","tensor(-3.2031, device='cuda:0', grad_fn=<UnbindBackward0>)"
"tensor(-2.3639, device='cuda:0', grad_fn=<UnbindBackward0>)","tensor(3.9839, device='cuda:0', grad_fn=<UnbindBackward0>)","tensor(-1.5812, device='cuda:0', grad_fn=<UnbindBackward0>)"
"tensor(-2.3887, device='cuda:0', grad_fn=<UnbindBackward0>)","tensor(-0.7331, device='cuda:0', grad_fn=<UnbindBackward0>)","tensor(2.5853, device='cuda:0', grad_fn=<UnbindBackward0>)"
"tensor(-2.1232, device='cuda:0', grad_fn=<UnbindBackward0>)","tensor(-1.6415, device='cuda:0', grad_fn=<UnbindBackward0>)","tensor(3.1932, device='cuda:0', grad_fn=<UnbindBackward0>)"
"tensor(-3.1537, device='cuda:0', grad_fn=<UnbindBackward0>)","tensor(4.4618, device='cuda:0', grad_fn=<UnbindBackward0>)","tensor(-1.5026, device='cuda:0', grad_fn=<UnbindBackward0>)"
"tensor(-9.7363, device='cuda:0', grad_fn=<UnbindBackward0>)","tensor(-3.6338, device='cuda:0', grad_fn=<UnbindBackward0>)","tensor(11.9276, device='cuda:0', grad_fn=<UnbindBackward0>)"
"tensor(-3.2409, device='cuda:0', grad_fn=<UnbindBackward0>)","tensor(6.5348, device='cuda:0', grad_fn=<UnbindBackward0>)","tensor(-2.2642, device='cuda:0', grad_fn=<UnbindBackward0>)"
"tensor(-2.4684, device='cuda:0', grad_fn=<UnbindBackward0>)","tensor(6.8789, device='cuda:0', grad_fn=<UnbindBackward0>)","tensor(-4.3351, device='cuda:0', grad_fn=<UnbindBackward0>)"
"tensor(-4.9274, device='cuda:0', grad_fn=<UnbindBackward0>)","tensor(-0.2231, device='cuda:0', grad_fn=<UnbindBackward0>)","tensor(4.7576, device='cuda:0', grad_fn=<UnbindBackward0>)"
"tensor(0.9818, device='cuda:0', grad_fn=<UnbindBackward0>)","tensor(-7.2250, device='cuda:0', grad_fn=<UnbindBackward0>)","tensor(5.4454, device='cuda:0', grad_fn=<UnbindBackward0>)"
"tensor(1.2033, device='cuda:0', grad_fn=<UnbindBackward0>)","tensor(-3.0471, device='cuda:0', grad_fn=<UnbindBackward0>)","tensor(1.0616, device='cuda:0', grad_fn=<UnbindBackward0>)"
"tensor(-3.3929, device='cuda:0', grad_fn=<UnbindBackward0>)","tensor(3.2662, device='cuda:0', grad_fn=<UnbindBackward0>)","tensor(0.4074, device='cuda:0', grad_fn=<UnbindBackward0>)"
"tensor(-2.5687, device='cuda:0', grad_fn=<UnbindBackward0>)","tensor(-3.0332, device='cuda:0', grad_fn=<UnbindBackward0>)","tensor(4.8967, device='cuda:0', grad_fn=<UnbindBackward0>)"
"tensor(-4.1289, device='cuda:0', grad_fn=<UnbindBackward0>)","tensor(5.6096, device='cuda:0', grad_fn=<UnbindBackward0>)","tensor(-1.0512, device='cuda:0', grad_fn=<UnbindBackward0>)"
"tensor(-4.0536, device='cuda:0', grad_fn=<UnbindBackward0>)","tensor(1.6467, device='cuda:0', grad_fn=<UnbindBackward0>)","tensor(1.9219, device='cuda:0', grad_fn=<UnbindBackward0>)"
"tensor(-1.9653, device='cuda:0', grad_fn=<UnbindBackward0>)","tensor(2.0928, device='cuda:0', grad_fn=<UnbindBackward0>)","tensor(0.0306, device='cuda:0', grad_fn=<UnbindBackward0>)"
"tensor(-6.3596, device='cuda:0', grad_fn=<UnbindBackward0>)","tensor(11.4213, device='cuda:0', grad_fn=<UnbindBackward0>)","tensor(-4.2490, device='cuda:0', grad_fn=<UnbindBackward0>)"
"tensor(-5.6612, device='cuda:0', grad_fn=<UnbindBackward0>)","tensor(8.3640, device='cuda:0', grad_fn=<UnbindBackward0>)","tensor(-2.2317, device='cuda:0', grad_fn=<UnbindBackward0>)"
"tensor(-4.5053, device='cuda:0', grad_fn=<UnbindBackward0>)","tensor(7.9091, device='cuda:0', grad_fn=<UnbindBackward0>)","tensor(-3.2585, device='cuda:0', grad_fn=<UnbindBackward0>)"
"tensor(-5.5480, device='cuda:0', grad_fn=<UnbindBackward0>)","tensor(-1.8973, device='cuda:0', grad_fn=<UnbindBackward0>)","tensor(6.7451, device='cuda:0', grad_fn=<UnbindBackward0>)"
"tensor(-8.9996, device='cuda:0', grad_fn=<UnbindBackward0>)","tensor(9.0454, device='cuda:0', grad_fn=<UnbindBackward0>)","tensor(0.6619, device='cuda:0', grad_fn=<UnbindBackward0>)"
"tensor(-3.6512, device='cuda:0', grad_fn=<UnbindBackward0>)","tensor(6.1280, device='cuda:0', grad_fn=<UnbindBackward0>)","tensor(-1.8474, device='cuda:0', grad_fn=<UnbindBackward0>)"
"tensor(-5.5501, device='cuda:0', grad_fn=<UnbindBackward0>)","tensor(6.1545, device='cuda:0', grad_fn=<UnbindBackward0>)","tensor(-0.7219, device='cuda:0', grad_fn=<UnbindBackward0>)"
"tensor(-0.7146, device='cuda:0', grad_fn=<UnbindBackward0>)","tensor(2.0876, device='cuda:0', grad_fn=<UnbindBackward0>)","tensor(-1.1600, device='cuda:0', grad_fn=<UnbindBackward0>)"
"tensor(-7.3411, device='cuda:0', grad_fn=<UnbindBackward0>)","tensor(0.8679, device='cuda:0', grad_fn=<UnbindBackward0>)","tensor(6.4513, device='cuda:0', grad_fn=<UnbindBackward0>)"
"tensor(1.6305, device='cuda:0', grad_fn=<UnbindBackward0>)","tensor(1.5886, device='cuda:0', grad_fn=<UnbindBackward0>)","tensor(-3.1699, device='cuda:0', grad_fn=<UnbindBackward0>)"
"tensor(-5.2339, device='cuda:0', grad_fn=<UnbindBackward0>)","tensor(-2.3418, device='cuda:0', grad_fn=<UnbindBackward0>)","tensor(6.7972, device='cuda:0', grad_fn=<UnbindBackward0>)"
"tensor(-4.9418, device='cuda:0', grad_fn=<UnbindBackward0>)","tensor(-6.0489, device='cuda:0', grad_fn=<UnbindBackward0>)","tensor(9.9415, device='cuda:0', grad_fn=<UnbindBackward0>)"
"tensor(-1.3811, device='cuda:0', grad_fn=<UnbindBackward0>)","tensor(-6.5570, device='cuda:0', grad_fn=<UnbindBackward0>)","tensor(6.1737, device='cuda:0', grad_fn=<UnbindBackward0>)"
"tensor(0.1212, device='cuda:0', grad_fn=<UnbindBackward0>)","tensor(1.0384, device='cuda:0', grad_fn=<UnbindBackward0>)","tensor(-1.2052, device='cuda:0', grad_fn=<UnbindBackward0>)"
"tensor(-3.6840, device='cuda:0', grad_fn=<UnbindBackward0>)","tensor(10.1917, device='cuda:0', grad_fn=<UnbindBackward0>)","tensor(-5.4191, device='cuda:0', grad_fn=<UnbindBackward0>)"
"tensor(-4.0774, device='cuda:0', grad_fn=<UnbindBackward0>)","tensor(6.8486, device='cuda:0', grad_fn=<UnbindBackward0>)","tensor(-1.8001, device='cuda:0', grad_fn=<UnbindBackward0>)"
"tensor(-6.8700, device='cuda:0', grad_fn=<UnbindBackward0>)","tensor(1.0644, device='cuda:0', grad_fn=<UnbindBackward0>)","tensor(5.4189, device='cuda:0', grad_fn=<UnbindBackward0>)"
"tensor(-2.2307, device='cuda:0', grad_fn=<UnbindBackward0>)","tensor(-0.6390, device='cuda:0', grad_fn=<UnbindBackward0>)","tensor(2.6446, device='cuda:0', grad_fn=<UnbindBackward0>)"
"tensor(-0.1120, device='cuda:0', grad_fn=<UnbindBackward0>)","tensor(2.7034, device='cuda:0', grad_fn=<UnbindBackward0>)","tensor(-2.4535, device='cuda:0', grad_fn=<UnbindBackward0>)"
"tensor(-1.0465, device='cuda:0', grad_fn=<UnbindBackward0>)","tensor(0.7787, device='cuda:0', grad_fn=<UnbindBackward0>)","tensor(0.0186, device='cuda:0', grad_fn=<UnbindBackward0>)"
"tensor(-3.5143, device='cuda:0', grad_fn=<UnbindBackward0>)","tensor(7.5566, device='cuda:0', grad_fn=<UnbindBackward0>)","tensor(-3.4248, device='cuda:0', grad_fn=<UnbindBackward0>)"
"tensor(-1.3856, device='cuda:0', grad_fn=<UnbindBackward0>)","tensor(4.1240, device='cuda:0', grad_fn=<UnbindBackward0>)","tensor(-2.6634, device='cuda:0', grad_fn=<UnbindBackward0>)"
"tensor(-3.4500, device='cuda:0', grad_fn=<UnbindBackward0>)","tensor(-3.4276, device='cuda:0', grad_fn=<UnbindBackward0>)","tensor(6.1948, device='cuda:0', grad_fn=<UnbindBackward0>)"
"tensor(-1.9699, device='cuda:0', grad_fn=<UnbindBackward0>)","tensor(6.0992, device='cuda:0', grad_fn=<UnbindBackward0>)","tensor(-3.2015, device='cuda:0', grad_fn=<UnbindBackward0>)"
"tensor(-2.9372, device='cuda:0', grad_fn=<UnbindBackward0>)","tensor(-4.5048, device='cuda:0', grad_fn=<UnbindBackward0>)","tensor(6.6140, device='cuda:0', grad_fn=<UnbindBackward0>)"
"tensor(-6.2576, device='cuda:0', grad_fn=<UnbindBackward0>)","tensor(-2.4074, device='cuda:0', grad_fn=<UnbindBackward0>)","tensor(7.4619, device='cuda:0', grad_fn=<UnbindBackward0>)"
"tensor(-4.1860, device='cuda:0', grad_fn=<UnbindBackward0>)","tensor(-3.9175, device='cuda:0', grad_fn=<UnbindBackward0>)","tensor(7.3544, device='cuda:0', grad_fn=<UnbindBackward0>)"
"tensor(-0.8285, device='cuda:0', grad_fn=<UnbindBackward0>)","tensor(-3.8047, device='cuda:0', grad_fn=<UnbindBackward0>)","tensor(3.8101, device='cuda:0', grad_fn=<UnbindBackward0>)"
"tensor(-2.1998, device='cuda:0', grad_fn=<UnbindBackward0>)","tensor(0.0061, device='cuda:0', grad_fn=<UnbindBackward0>)","tensor(2.0675, device='cuda:0', grad_fn=<UnbindBackward0>)"
"tensor(-3.9714, device='cuda:0', grad_fn=<UnbindBackward0>)","tensor(2.9916, device='cuda:0', grad_fn=<UnbindBackward0>)","tensor(0.5033, device='cuda:0', grad_fn=<UnbindBackward0>)"
"tensor(-0.0284, device='cuda:0', grad_fn=<UnbindBackward0>)","tensor(6.1574, device='cuda:0', grad_fn=<UnbindBackward0>)","tensor(-5.7083, device='cuda:0', grad_fn=<UnbindBackward0>)"
"tensor(0.6340, device='cuda:0', grad_fn=<UnbindBackward0>)","tensor(8.0027, device='cuda:0', grad_fn=<UnbindBackward0>)","tensor(-7.5297, device='cuda:0', grad_fn=<UnbindBackward0>)"
"tensor(-9.8632, device='cuda:0', grad_fn=<UnbindBackward0>)","tensor(8.2530, device='cuda:0', grad_fn=<UnbindBackward0>)","tensor(1.5903, device='cuda:0', grad_fn=<UnbindBackward0>)"
"tensor(-4.9673, device='cuda:0', grad_fn=<UnbindBackward0>)","tensor(13.2625, device='cuda:0', grad_fn=<UnbindBackward0>)","tensor(-6.9003, device='cuda:0', grad_fn=<UnbindBackward0>)"
"tensor(-6.2876, device='cuda:0', grad_fn=<UnbindBackward0>)","tensor(5.4552, device='cuda:0', grad_fn=<UnbindBackward0>)","tensor(0.9449, device='cuda:0', grad_fn=<UnbindBackward0>)"
"tensor(-1.7585, device='cuda:0', grad_fn=<UnbindBackward0>)","tensor(10.1025, device='cuda:0', grad_fn=<UnbindBackward0>)","tensor(-7.0096, device='cuda:0', grad_fn=<UnbindBackward0>)"
"tensor(-5.3489, device='cuda:0', grad_fn=<UnbindBackward0>)","tensor(-3.1215, device='cuda:0', grad_fn=<UnbindBackward0>)","tensor(7.1824, device='cuda:0', grad_fn=<UnbindBackward0>)"
"tensor(-1.0627, device='cuda:0', grad_fn=<UnbindBackward0>)","tensor(10.4465, device='cuda:0', grad_fn=<UnbindBackward0>)","tensor(-8.4994, device='cuda:0', grad_fn=<UnbindBackward0>)"
"tensor(-2.3332, device='cuda:0', grad_fn=<UnbindBackward0>)","tensor(-1.5370, device='cuda:0', grad_fn=<UnbindBackward0>)","tensor(3.0365, device='cuda:0', grad_fn=<UnbindBackward0>)"
"tensor(-7.1349, device='cuda:0', grad_fn=<UnbindBackward0>)","tensor(6.4857, device='cuda:0', grad_fn=<UnbindBackward0>)","tensor(0.9397, device='cuda:0', grad_fn=<UnbindBackward0>)"
"tensor(-4.7055, device='cuda:0', grad_fn=<UnbindBackward0>)","tensor(6.7906, device='cuda:0', grad_fn=<UnbindBackward0>)","tensor(-1.7425, device='cuda:0', grad_fn=<UnbindBackward0>)"
"tensor(-6.1083, device='cuda:0', grad_fn=<UnbindBackward0>)","tensor(6.8894, device='cuda:0', grad_fn=<UnbindBackward0>)","tensor(-0.7154, device='cuda:0', grad_fn=<UnbindBackward0>)"
"tensor(-7.5183, device='cuda:0', grad_fn=<UnbindBackward0>)","tensor(7.5783, device='cuda:0', grad_fn=<UnbindBackward0>)","tensor(0.7544, device='cuda:0', grad_fn=<UnbindBackward0>)"
"tensor(-1.9723, device='cuda:0', grad_fn=<UnbindBackward0>)","tensor(6.3647, device='cuda:0', grad_fn=<UnbindBackward0>)","tensor(-4.1797, device='cuda:0', grad_fn=<UnbindBackward0>)"
"tensor(-2.2342, device='cuda:0', grad_fn=<UnbindBackward0>)","tensor(7.5366, device='cuda:0', grad_fn=<UnbindBackward0>)","tensor(-4.8783, device='cuda:0', grad_fn=<UnbindBackward0>)"
"tensor(-3.2394, device='cuda:0', grad_fn=<UnbindBackward0>)","tensor(5.9604, device='cuda:0', grad_fn=<UnbindBackward0>)","tensor(-2.1297, device='cuda:0', grad_fn=<UnbindBackward0>)"
"tensor(-4.2815, device='cuda:0', grad_fn=<UnbindBackward0>)","tensor(3.3858, device='cuda:0', grad_fn=<UnbindBackward0>)","tensor(0.9436, device='cuda:0', grad_fn=<UnbindBackward0>)"
"tensor(-9.0386, device='cuda:0', grad_fn=<UnbindBackward0>)","tensor(-2.3117, device='cuda:0', grad_fn=<UnbindBackward0>)","tensor(9.5940, device='cuda:0', grad_fn=<UnbindBackward0>)"
"tensor(-2.1248, device='cuda:0', grad_fn=<UnbindBackward0>)","tensor(-0.5394, device='cuda:0', grad_fn=<UnbindBackward0>)","tensor(2.4182, device='cuda:0', grad_fn=<UnbindBackward0>)"
"tensor(-2.7938, device='cuda:0', grad_fn=<UnbindBackward0>)","tensor(-1.2166, device='cuda:0', grad_fn=<UnbindBackward0>)","tensor(3.4031, device='cuda:0', grad_fn=<UnbindBackward0>)"
"tensor(-0.0036, device='cuda:0', grad_fn=<UnbindBackward0>)","tensor(0.7261, device='cuda:0', grad_fn=<UnbindBackward0>)","tensor(-0.8045, device='cuda:0', grad_fn=<UnbindBackward0>)"
"tensor(-6.1366, device='cuda:0', grad_fn=<UnbindBackward0>)","tensor(5.2732, device='cuda:0', grad_fn=<UnbindBackward0>)","tensor(0.6115, device='cuda:0', grad_fn=<UnbindBackward0>)"
"tensor(-1.3863, device='cuda:0', grad_fn=<UnbindBackward0>)","tensor(6.5681, device='cuda:0', grad_fn=<UnbindBackward0>)","tensor(-5.0036, device='cuda:0', grad_fn=<UnbindBackward0>)"
"tensor(-1.2900, device='cuda:0', grad_fn=<UnbindBackward0>)","tensor(-4.1520, device='cuda:0', grad_fn=<UnbindBackward0>)","tensor(4.5046, device='cuda:0', grad_fn=<UnbindBackward0>)"
"tensor(-2.8774, device='cuda:0', grad_fn=<UnbindBackward0>)","tensor(4.4866, device='cuda:0', grad_fn=<UnbindBackward0>)","tensor(-1.9040, device='cuda:0', grad_fn=<UnbindBackward0>)"
"tensor(-3.6050, device='cuda:0', grad_fn=<UnbindBackward0>)","tensor(-1.7126, device='cuda:0', grad_fn=<UnbindBackward0>)","tensor(4.8597, device='cuda:0', grad_fn=<UnbindBackward0>)"
"tensor(-3.6877, device='cuda:0', grad_fn=<UnbindBackward0>)","tensor(-9.1622, device='cuda:0', grad_fn=<UnbindBackward0>)","tensor(9.6470, device='cuda:0', grad_fn=<UnbindBackward0>)"
"tensor(-4.6042, device='cuda:0', grad_fn=<UnbindBackward0>)","tensor(-3.0641, device='cuda:0', grad_fn=<UnbindBackward0>)","tensor(6.8215, device='cuda:0', grad_fn=<UnbindBackward0>)"
"tensor(-7.7874, device='cuda:0', grad_fn=<UnbindBackward0>)","tensor(2.6879, device='cuda:0', grad_fn=<UnbindBackward0>)","tensor(3.9830, device='cuda:0', grad_fn=<UnbindBackward0>)"
"tensor(-3.0080, device='cuda:0', grad_fn=<UnbindBackward0>)","tensor(-4.8985, device='cuda:0', grad_fn=<UnbindBackward0>)","tensor(6.2705, device='cuda:0', grad_fn=<UnbindBackward0>)"
"tensor(-5.2461, device='cuda:0', grad_fn=<UnbindBackward0>)","tensor(-3.0057, device='cuda:0', grad_fn=<UnbindBackward0>)","tensor(6.4825, device='cuda:0', grad_fn=<UnbindBackward0>)"
"tensor(-1.8161, device='cuda:0', grad_fn=<UnbindBackward0>)","tensor(-5.6335, device='cuda:0', grad_fn=<UnbindBackward0>)","tensor(6.2017, device='cuda:0', grad_fn=<UnbindBackward0>)"
"tensor(2.4566, device='cuda:0', grad_fn=<UnbindBackward0>)","tensor(-4.0106, device='cuda:0', grad_fn=<UnbindBackward0>)","tensor(1.1654, device='cuda:0', grad_fn=<UnbindBackward0>)"
"tensor(-3.2686, device='cuda:0', grad_fn=<UnbindBackward0>)","tensor(-4.8040, device='cuda:0', grad_fn=<UnbindBackward0>)","tensor(7.5491, device='cuda:0', grad_fn=<UnbindBackward0>)"
"tensor(-6.7717, device='cuda:0', grad_fn=<UnbindBackward0>)","tensor(-3.4229, device='cuda:0', grad_fn=<UnbindBackward0>)","tensor(10.0058, device='cuda:0', grad_fn=<UnbindBackward0>)"
"tensor(-3.7799, device='cuda:0', grad_fn=<UnbindBackward0>)","tensor(-4.0321, device='cuda:0', grad_fn=<UnbindBackward0>)","tensor(6.8854, device='cuda:0', grad_fn=<UnbindBackward0>)"
"tensor(-4.3255, device='cuda:0', grad_fn=<UnbindBackward0>)","tensor(-3.8952, device='cuda:0', grad_fn=<UnbindBackward0>)","tensor(7.4759, device='cuda:0', grad_fn=<UnbindBackward0>)"
"tensor(-2.4970, device='cuda:0', grad_fn=<UnbindBackward0>)","tensor(-5.8280, device='cuda:0', grad_fn=<UnbindBackward0>)","tensor(7.0651, device='cuda:0', grad_fn=<UnbindBackward0>)"
"tensor(0.3115, device='cuda:0', grad_fn=<UnbindBackward0>)","tensor(-2.0161, device='cuda:0', grad_fn=<UnbindBackward0>)","tensor(1.1256, device='cuda:0', grad_fn=<UnbindBackward0>)"
"tensor(-6.3000, device='cuda:0', grad_fn=<UnbindBackward0>)","tensor(3.0806, device='cuda:0', grad_fn=<UnbindBackward0>)","tensor(2.7513, device='cuda:0', grad_fn=<UnbindBackward0>)"
"tensor(-1.7138, device='cuda:0', grad_fn=<UnbindBackward0>)","tensor(-6.4958, device='cuda:0', grad_fn=<UnbindBackward0>)","tensor(6.9586, device='cuda:0', grad_fn=<UnbindBackward0>)"
"tensor(-1.2123, device='cuda:0', grad_fn=<UnbindBackward0>)","tensor(-9.8658, device='cuda:0', grad_fn=<UnbindBackward0>)","tensor(9.4660, device='cuda:0', grad_fn=<UnbindBackward0>)"
"tensor(-1.4460, device='cuda:0', grad_fn=<UnbindBackward0>)","tensor(-1.0017, device='cuda:0', grad_fn=<UnbindBackward0>)","tensor(1.7606, device='cuda:0', grad_fn=<UnbindBackward0>)"
"tensor(0.2776, device='cuda:0', grad_fn=<UnbindBackward0>)","tensor(-5.0271, device='cuda:0', grad_fn=<UnbindBackward0>)","tensor(4.0926, device='cuda:0', grad_fn=<UnbindBackward0>)"
"tensor(0.6229, device='cuda:0', grad_fn=<UnbindBackward0>)","tensor(-7.1164, device='cuda:0', grad_fn=<UnbindBackward0>)","tensor(4.9110, device='cuda:0', grad_fn=<UnbindBackward0>)"
"tensor(-2.9471, device='cuda:0', grad_fn=<UnbindBackward0>)","tensor(-7.5567, device='cuda:0', grad_fn=<UnbindBackward0>)","tensor(10.1323, device='cuda:0', grad_fn=<UnbindBackward0>)"
"tensor(-2.0637, device='cuda:0', grad_fn=<UnbindBackward0>)","tensor(-4.2414, device='cuda:0', grad_fn=<UnbindBackward0>)","tensor(5.3107, device='cuda:0', grad_fn=<UnbindBackward0>)"
"tensor(0.2114, device='cuda:0', grad_fn=<UnbindBackward0>)","tensor(-3.5554, device='cuda:0', grad_fn=<UnbindBackward0>)","tensor(2.5540, device='cuda:0', grad_fn=<UnbindBackward0>)"
"tensor(0.5187, device='cuda:0', grad_fn=<UnbindBackward0>)","tensor(-5.4982, device='cuda:0', grad_fn=<UnbindBackward0>)","tensor(4.3028, device='cuda:0', grad_fn=<UnbindBackward0>)"
"tensor(-2.9847, device='cuda:0', grad_fn=<UnbindBackward0>)","tensor(-4.4042, device='cuda:0', grad_fn=<UnbindBackward0>)","tensor(6.6353, device='cuda:0', grad_fn=<UnbindBackward0>)"
"tensor(2.6007, device='cuda:0', grad_fn=<UnbindBackward0>)","tensor(-6.8078, device='cuda:0', grad_fn=<UnbindBackward0>)","tensor(1.8440, device='cuda:0', grad_fn=<UnbindBackward0>)"
"tensor(-1.6894, device='cuda:0', grad_fn=<UnbindBackward0>)","tensor(-2.8411, device='cuda:0', grad_fn=<UnbindBackward0>)","tensor(4.1427, device='cuda:0', grad_fn=<UnbindBackward0>)"
"tensor(0.4188, device='cuda:0', grad_fn=<UnbindBackward0>)","tensor(-5.7768, device='cuda:0', grad_fn=<UnbindBackward0>)","tensor(4.1189, device='cuda:0', grad_fn=<UnbindBackward0>)"
