"tensor(2.2003, device='cuda:0', grad_fn=<UnbindBackward0>)","tensor(-2.8628, device='cuda:0', grad_fn=<UnbindBackward0>)","tensor(0.9982, device='cuda:0', grad_fn=<UnbindBackward0>)"
"tensor(2.3440, device='cuda:0', grad_fn=<UnbindBackward0>)","tensor(-1.1076, device='cuda:0', grad_fn=<UnbindBackward0>)","tensor(-1.1706, device='cuda:0', grad_fn=<UnbindBackward0>)"
"tensor(0.3808, device='cuda:0', grad_fn=<UnbindBackward0>)","tensor(0.2152, device='cuda:0', grad_fn=<UnbindBackward0>)","tensor(-0.4111, device='cuda:0', grad_fn=<UnbindBackward0>)"
"tensor(1.0600, device='cuda:0', grad_fn=<UnbindBackward0>)","tensor(-0.5928, device='cuda:0', grad_fn=<UnbindBackward0>)","tensor(-0.0924, device='cuda:0', grad_fn=<UnbindBackward0>)"
"tensor(2.2075, device='cuda:0', grad_fn=<UnbindBackward0>)","tensor(-3.0233, device='cuda:0', grad_fn=<UnbindBackward0>)","tensor(0.1958, device='cuda:0', grad_fn=<UnbindBackward0>)"
"tensor(2.0236, device='cuda:0', grad_fn=<UnbindBackward0>)","tensor(-1.9877, device='cuda:0', grad_fn=<UnbindBackward0>)","tensor(0.2904, device='cuda:0', grad_fn=<UnbindBackward0>)"
"tensor(4.8776, device='cuda:0', grad_fn=<UnbindBackward0>)","tensor(-4.8635, device='cuda:0', grad_fn=<UnbindBackward0>)","tensor(0.2501, device='cuda:0', grad_fn=<UnbindBackward0>)"
"tensor(0.7813, device='cuda:0', grad_fn=<UnbindBackward0>)","tensor(-0.6995, device='cuda:0', grad_fn=<UnbindBackward0>)","tensor(0.2397, device='cuda:0', grad_fn=<UnbindBackward0>)"
"tensor(2.4737, device='cuda:0', grad_fn=<UnbindBackward0>)","tensor(-2.9723, device='cuda:0', grad_fn=<UnbindBackward0>)","tensor(0.6448, device='cuda:0', grad_fn=<UnbindBackward0>)"
"tensor(3.9679, device='cuda:0', grad_fn=<UnbindBackward0>)","tensor(-2.7038, device='cuda:0', grad_fn=<UnbindBackward0>)","tensor(-1.0734, device='cuda:0', grad_fn=<UnbindBackward0>)"
"tensor(1.1052, device='cuda:0', grad_fn=<UnbindBackward0>)","tensor(-1.4644, device='cuda:0', grad_fn=<UnbindBackward0>)","tensor(0.2957, device='cuda:0', grad_fn=<UnbindBackward0>)"
"tensor(1.8976, device='cuda:0', grad_fn=<UnbindBackward0>)","tensor(-0.5042, device='cuda:0', grad_fn=<UnbindBackward0>)","tensor(-1.3690, device='cuda:0', grad_fn=<UnbindBackward0>)"
"tensor(3.3211, device='cuda:0', grad_fn=<UnbindBackward0>)","tensor(-2.8514, device='cuda:0', grad_fn=<UnbindBackward0>)","tensor(-0.4081, device='cuda:0', grad_fn=<UnbindBackward0>)"
"tensor(2.3203, device='cuda:0', grad_fn=<UnbindBackward0>)","tensor(-2.1906, device='cuda:0', grad_fn=<UnbindBackward0>)","tensor(0.6634, device='cuda:0', grad_fn=<UnbindBackward0>)"
"tensor(5.1975, device='cuda:0', grad_fn=<UnbindBackward0>)","tensor(-4.3328, device='cuda:0', grad_fn=<UnbindBackward0>)","tensor(-0.4682, device='cuda:0', grad_fn=<UnbindBackward0>)"
"tensor(1.2040, device='cuda:0', grad_fn=<UnbindBackward0>)","tensor(-1.5793, device='cuda:0', grad_fn=<UnbindBackward0>)","tensor(0.4569, device='cuda:0', grad_fn=<UnbindBackward0>)"
"tensor(1.1326, device='cuda:0', grad_fn=<UnbindBackward0>)","tensor(-0.9912, device='cuda:0', grad_fn=<UnbindBackward0>)","tensor(0.1988, device='cuda:0', grad_fn=<UnbindBackward0>)"
"tensor(3.5862, device='cuda:0', grad_fn=<UnbindBackward0>)","tensor(-0.5131, device='cuda:0', grad_fn=<UnbindBackward0>)","tensor(-2.6726, device='cuda:0', grad_fn=<UnbindBackward0>)"
"tensor(1.0415, device='cuda:0', grad_fn=<UnbindBackward0>)","tensor(-1.4930, device='cuda:0', grad_fn=<UnbindBackward0>)","tensor(0.6170, device='cuda:0', grad_fn=<UnbindBackward0>)"
"tensor(1.2211, device='cuda:0', grad_fn=<UnbindBackward0>)","tensor(-1.6553, device='cuda:0', grad_fn=<UnbindBackward0>)","tensor(0.7070, device='cuda:0', grad_fn=<UnbindBackward0>)"
"tensor(2.0336, device='cuda:0', grad_fn=<UnbindBackward0>)","tensor(-2.7181, device='cuda:0', grad_fn=<UnbindBackward0>)","tensor(1.1883, device='cuda:0', grad_fn=<UnbindBackward0>)"
"tensor(4.1407, device='cuda:0', grad_fn=<UnbindBackward0>)","tensor(-2.3904, device='cuda:0', grad_fn=<UnbindBackward0>)","tensor(-1.4977, device='cuda:0', grad_fn=<UnbindBackward0>)"
"tensor(2.2355, device='cuda:0', grad_fn=<UnbindBackward0>)","tensor(0.2064, device='cuda:0', grad_fn=<UnbindBackward0>)","tensor(-2.6102, device='cuda:0', grad_fn=<UnbindBackward0>)"
"tensor(3.3544, device='cuda:0', grad_fn=<UnbindBackward0>)","tensor(-3.2234, device='cuda:0', grad_fn=<UnbindBackward0>)","tensor(-0.4424, device='cuda:0', grad_fn=<UnbindBackward0>)"
"tensor(0.2953, device='cuda:0', grad_fn=<UnbindBackward0>)","tensor(-0.2112, device='cuda:0', grad_fn=<UnbindBackward0>)","tensor(0.0240, device='cuda:0', grad_fn=<UnbindBackward0>)"
"tensor(1.1296, device='cuda:0', grad_fn=<UnbindBackward0>)","tensor(-1.8465, device='cuda:0', grad_fn=<UnbindBackward0>)","tensor(1.0187, device='cuda:0', grad_fn=<UnbindBackward0>)"
"tensor(0.2686, device='cuda:0', grad_fn=<UnbindBackward0>)","tensor(-0.3112, device='cuda:0', grad_fn=<UnbindBackward0>)","tensor(0.2403, device='cuda:0', grad_fn=<UnbindBackward0>)"
"tensor(0.4474, device='cuda:0', grad_fn=<UnbindBackward0>)","tensor(-0.0803, device='cuda:0', grad_fn=<UnbindBackward0>)","tensor(-0.3952, device='cuda:0', grad_fn=<UnbindBackward0>)"
"tensor(1.5445, device='cuda:0', grad_fn=<UnbindBackward0>)","tensor(-0.9763, device='cuda:0', grad_fn=<UnbindBackward0>)","tensor(-0.5210, device='cuda:0', grad_fn=<UnbindBackward0>)"
"tensor(1.4061, device='cuda:0', grad_fn=<UnbindBackward0>)","tensor(-0.6458, device='cuda:0', grad_fn=<UnbindBackward0>)","tensor(-0.6006, device='cuda:0', grad_fn=<UnbindBackward0>)"
"tensor(3.6357, device='cuda:0', grad_fn=<UnbindBackward0>)","tensor(-0.8685, device='cuda:0', grad_fn=<UnbindBackward0>)","tensor(-2.3901, device='cuda:0', grad_fn=<UnbindBackward0>)"
"tensor(3.5807, device='cuda:0', grad_fn=<UnbindBackward0>)","tensor(-3.6066, device='cuda:0', grad_fn=<UnbindBackward0>)","tensor(0.0951, device='cuda:0', grad_fn=<UnbindBackward0>)"
"tensor(3.2063, device='cuda:0', grad_fn=<UnbindBackward0>)","tensor(-2.0466, device='cuda:0', grad_fn=<UnbindBackward0>)","tensor(-0.9554, device='cuda:0', grad_fn=<UnbindBackward0>)"
"tensor(-0.0105, device='cuda:0', grad_fn=<UnbindBackward0>)","tensor(-0.4421, device='cuda:0', grad_fn=<UnbindBackward0>)","tensor(0.6930, device='cuda:0', grad_fn=<UnbindBackward0>)"
"tensor(3.9017, device='cuda:0', grad_fn=<UnbindBackward0>)","tensor(-3.5520, device='cuda:0', grad_fn=<UnbindBackward0>)","tensor(-0.0380, device='cuda:0', grad_fn=<UnbindBackward0>)"
"tensor(2.3711, device='cuda:0', grad_fn=<UnbindBackward0>)","tensor(-1.5539, device='cuda:0', grad_fn=<UnbindBackward0>)","tensor(-0.5190, device='cuda:0', grad_fn=<UnbindBackward0>)"
"tensor(3.3506, device='cuda:0', grad_fn=<UnbindBackward0>)","tensor(-3.6226, device='cuda:0', grad_fn=<UnbindBackward0>)","tensor(0.6632, device='cuda:0', grad_fn=<UnbindBackward0>)"
"tensor(3.0366, device='cuda:0', grad_fn=<UnbindBackward0>)","tensor(-1.8363, device='cuda:0', grad_fn=<UnbindBackward0>)","tensor(-0.8018, device='cuda:0', grad_fn=<UnbindBackward0>)"
"tensor(-1.0372, device='cuda:0', grad_fn=<UnbindBackward0>)","tensor(-1.0022, device='cuda:0', grad_fn=<UnbindBackward0>)","tensor(2.5713, device='cuda:0', grad_fn=<UnbindBackward0>)"
"tensor(1.0684, device='cuda:0', grad_fn=<UnbindBackward0>)","tensor(-0.3589, device='cuda:0', grad_fn=<UnbindBackward0>)","tensor(-0.5222, device='cuda:0', grad_fn=<UnbindBackward0>)"
"tensor(3.7053, device='cuda:0', grad_fn=<UnbindBackward0>)","tensor(-2.9241, device='cuda:0', grad_fn=<UnbindBackward0>)","tensor(-0.2450, device='cuda:0', grad_fn=<UnbindBackward0>)"
"tensor(1.6824, device='cuda:0', grad_fn=<UnbindBackward0>)","tensor(-0.6277, device='cuda:0', grad_fn=<UnbindBackward0>)","tensor(-0.8286, device='cuda:0', grad_fn=<UnbindBackward0>)"
"tensor(0.1311, device='cuda:0', grad_fn=<UnbindBackward0>)","tensor(-0.6181, device='cuda:0', grad_fn=<UnbindBackward0>)","tensor(0.6121, device='cuda:0', grad_fn=<UnbindBackward0>)"
"tensor(3.5821, device='cuda:0', grad_fn=<UnbindBackward0>)","tensor(-2.3200, device='cuda:0', grad_fn=<UnbindBackward0>)","tensor(-0.7843, device='cuda:0', grad_fn=<UnbindBackward0>)"
"tensor(0.6185, device='cuda:0', grad_fn=<UnbindBackward0>)","tensor(-0.3156, device='cuda:0', grad_fn=<UnbindBackward0>)","tensor(-0.1466, device='cuda:0', grad_fn=<UnbindBackward0>)"
"tensor(2.0291, device='cuda:0', grad_fn=<UnbindBackward0>)","tensor(-0.4474, device='cuda:0', grad_fn=<UnbindBackward0>)","tensor(-1.8949, device='cuda:0', grad_fn=<UnbindBackward0>)"
"tensor(1.3118, device='cuda:0', grad_fn=<UnbindBackward0>)","tensor(0.0744, device='cuda:0', grad_fn=<UnbindBackward0>)","tensor(-1.2645, device='cuda:0', grad_fn=<UnbindBackward0>)"
"tensor(1.3849, device='cuda:0', grad_fn=<UnbindBackward0>)","tensor(-0.7683, device='cuda:0', grad_fn=<UnbindBackward0>)","tensor(-0.6352, device='cuda:0', grad_fn=<UnbindBackward0>)"
"tensor(2.7907, device='cuda:0', grad_fn=<UnbindBackward0>)","tensor(-3.5681, device='cuda:0', grad_fn=<UnbindBackward0>)","tensor(0.8704, device='cuda:0', grad_fn=<UnbindBackward0>)"
"tensor(0.9750, device='cuda:0', grad_fn=<UnbindBackward0>)","tensor(-0.8673, device='cuda:0', grad_fn=<UnbindBackward0>)","tensor(0.1534, device='cuda:0', grad_fn=<UnbindBackward0>)"
"tensor(8.8503, device='cuda:0', grad_fn=<UnbindBackward0>)","tensor(-10.3661, device='cuda:0', grad_fn=<UnbindBackward0>)","tensor(1.3201, device='cuda:0', grad_fn=<UnbindBackward0>)"
"tensor(2.3385, device='cuda:0', grad_fn=<UnbindBackward0>)","tensor(-1.8519, device='cuda:0', grad_fn=<UnbindBackward0>)","tensor(-0.2244, device='cuda:0', grad_fn=<UnbindBackward0>)"
"tensor(1.4753, device='cuda:0', grad_fn=<UnbindBackward0>)","tensor(-1.5035, device='cuda:0', grad_fn=<UnbindBackward0>)","tensor(0.1012, device='cuda:0', grad_fn=<UnbindBackward0>)"
"tensor(1.6816, device='cuda:0', grad_fn=<UnbindBackward0>)","tensor(-2.0204, device='cuda:0', grad_fn=<UnbindBackward0>)","tensor(0.4363, device='cuda:0', grad_fn=<UnbindBackward0>)"
"tensor(2.7337, device='cuda:0', grad_fn=<UnbindBackward0>)","tensor(-0.3993, device='cuda:0', grad_fn=<UnbindBackward0>)","tensor(-2.6896, device='cuda:0', grad_fn=<UnbindBackward0>)"
"tensor(-0.3610, device='cuda:0', grad_fn=<UnbindBackward0>)","tensor(0.5450, device='cuda:0', grad_fn=<UnbindBackward0>)","tensor(0.0541, device='cuda:0', grad_fn=<UnbindBackward0>)"
"tensor(2.3127, device='cuda:0', grad_fn=<UnbindBackward0>)","tensor(-0.8568, device='cuda:0', grad_fn=<UnbindBackward0>)","tensor(-1.4100, device='cuda:0', grad_fn=<UnbindBackward0>)"
"tensor(1.7462, device='cuda:0', grad_fn=<UnbindBackward0>)","tensor(-0.5324, device='cuda:0', grad_fn=<UnbindBackward0>)","tensor(-0.8336, device='cuda:0', grad_fn=<UnbindBackward0>)"
"tensor(1.9680, device='cuda:0', grad_fn=<UnbindBackward0>)","tensor(-1.6066, device='cuda:0', grad_fn=<UnbindBackward0>)","tensor(-0.1687, device='cuda:0', grad_fn=<UnbindBackward0>)"
"tensor(1.1612, device='cuda:0', grad_fn=<UnbindBackward0>)","tensor(-0.6692, device='cuda:0', grad_fn=<UnbindBackward0>)","tensor(-0.4917, device='cuda:0', grad_fn=<UnbindBackward0>)"
"tensor(5.0027, device='cuda:0', grad_fn=<UnbindBackward0>)","tensor(-2.8419, device='cuda:0', grad_fn=<UnbindBackward0>)","tensor(-0.7353, device='cuda:0', grad_fn=<UnbindBackward0>)"
"tensor(2.7988, device='cuda:0', grad_fn=<UnbindBackward0>)","tensor(-3.5304, device='cuda:0', grad_fn=<UnbindBackward0>)","tensor(0.6532, device='cuda:0', grad_fn=<UnbindBackward0>)"
"tensor(0.4839, device='cuda:0', grad_fn=<UnbindBackward0>)","tensor(-0.3465, device='cuda:0', grad_fn=<UnbindBackward0>)","tensor(-0.0982, device='cuda:0', grad_fn=<UnbindBackward0>)"
"tensor(0.0811, device='cuda:0', grad_fn=<UnbindBackward0>)","tensor(-1.2458, device='cuda:0', grad_fn=<UnbindBackward0>)","tensor(1.2000, device='cuda:0', grad_fn=<UnbindBackward0>)"
"tensor(1.3052, device='cuda:0', grad_fn=<UnbindBackward0>)","tensor(-0.7283, device='cuda:0', grad_fn=<UnbindBackward0>)","tensor(-0.8236, device='cuda:0', grad_fn=<UnbindBackward0>)"
"tensor(2.4046, device='cuda:0', grad_fn=<UnbindBackward0>)","tensor(-1.2270, device='cuda:0', grad_fn=<UnbindBackward0>)","tensor(-1.6080, device='cuda:0', grad_fn=<UnbindBackward0>)"
"tensor(1.4176, device='cuda:0', grad_fn=<UnbindBackward0>)","tensor(-1.7122, device='cuda:0', grad_fn=<UnbindBackward0>)","tensor(0.4305, device='cuda:0', grad_fn=<UnbindBackward0>)"
"tensor(4.7797, device='cuda:0', grad_fn=<UnbindBackward0>)","tensor(-4.4345, device='cuda:0', grad_fn=<UnbindBackward0>)","tensor(-1.3147, device='cuda:0', grad_fn=<UnbindBackward0>)"
"tensor(1.7857, device='cuda:0', grad_fn=<UnbindBackward0>)","tensor(-0.5879, device='cuda:0', grad_fn=<UnbindBackward0>)","tensor(-1.3283, device='cuda:0', grad_fn=<UnbindBackward0>)"
"tensor(2.7025, device='cuda:0', grad_fn=<UnbindBackward0>)","tensor(-1.9925, device='cuda:0', grad_fn=<UnbindBackward0>)","tensor(-0.4260, device='cuda:0', grad_fn=<UnbindBackward0>)"
"tensor(1.2961, device='cuda:0', grad_fn=<UnbindBackward0>)","tensor(-0.3303, device='cuda:0', grad_fn=<UnbindBackward0>)","tensor(-0.8749, device='cuda:0', grad_fn=<UnbindBackward0>)"
"tensor(1.4598, device='cuda:0', grad_fn=<UnbindBackward0>)","tensor(-0.7872, device='cuda:0', grad_fn=<UnbindBackward0>)","tensor(-0.4508, device='cuda:0', grad_fn=<UnbindBackward0>)"
"tensor(6.7644, device='cuda:0', grad_fn=<UnbindBackward0>)","tensor(-5.2367, device='cuda:0', grad_fn=<UnbindBackward0>)","tensor(-0.4789, device='cuda:0', grad_fn=<UnbindBackward0>)"
"tensor(1.9519, device='cuda:0', grad_fn=<UnbindBackward0>)","tensor(-2.3477, device='cuda:0', grad_fn=<UnbindBackward0>)","tensor(0.6294, device='cuda:0', grad_fn=<UnbindBackward0>)"
"tensor(-0.0304, device='cuda:0', grad_fn=<UnbindBackward0>)","tensor(-1.5268, device='cuda:0', grad_fn=<UnbindBackward0>)","tensor(2.0033, device='cuda:0', grad_fn=<UnbindBackward0>)"
"tensor(4.8135, device='cuda:0', grad_fn=<UnbindBackward0>)","tensor(-4.6752, device='cuda:0', grad_fn=<UnbindBackward0>)","tensor(0.0432, device='cuda:0', grad_fn=<UnbindBackward0>)"
"tensor(-0.9120, device='cuda:0', grad_fn=<UnbindBackward0>)","tensor(1.3081, device='cuda:0', grad_fn=<UnbindBackward0>)","tensor(-0.3158, device='cuda:0', grad_fn=<UnbindBackward0>)"
"tensor(1.1918, device='cuda:0', grad_fn=<UnbindBackward0>)","tensor(-1.0081, device='cuda:0', grad_fn=<UnbindBackward0>)","tensor(0.1172, device='cuda:0', grad_fn=<UnbindBackward0>)"
"tensor(1.1582, device='cuda:0', grad_fn=<UnbindBackward0>)","tensor(-1.9464, device='cuda:0', grad_fn=<UnbindBackward0>)","tensor(0.5714, device='cuda:0', grad_fn=<UnbindBackward0>)"
"tensor(1.8477, device='cuda:0', grad_fn=<UnbindBackward0>)","tensor(-1.2148, device='cuda:0', grad_fn=<UnbindBackward0>)","tensor(-0.3384, device='cuda:0', grad_fn=<UnbindBackward0>)"
"tensor(1.4676, device='cuda:0', grad_fn=<UnbindBackward0>)","tensor(-0.9573, device='cuda:0', grad_fn=<UnbindBackward0>)","tensor(-0.4370, device='cuda:0', grad_fn=<UnbindBackward0>)"
"tensor(1.9871, device='cuda:0', grad_fn=<UnbindBackward0>)","tensor(-1.2251, device='cuda:0', grad_fn=<UnbindBackward0>)","tensor(-0.6119, device='cuda:0', grad_fn=<UnbindBackward0>)"
"tensor(0.2272, device='cuda:0', grad_fn=<UnbindBackward0>)","tensor(-1.1634, device='cuda:0', grad_fn=<UnbindBackward0>)","tensor(1.1041, device='cuda:0', grad_fn=<UnbindBackward0>)"
"tensor(1.7243, device='cuda:0', grad_fn=<UnbindBackward0>)","tensor(-1.2790, device='cuda:0', grad_fn=<UnbindBackward0>)","tensor(-0.1128, device='cuda:0', grad_fn=<UnbindBackward0>)"
"tensor(0.1631, device='cuda:0', grad_fn=<UnbindBackward0>)","tensor(-0.0212, device='cuda:0', grad_fn=<UnbindBackward0>)","tensor(-0.0588, device='cuda:0', grad_fn=<UnbindBackward0>)"
"tensor(0.9371, device='cuda:0', grad_fn=<UnbindBackward0>)","tensor(-0.4725, device='cuda:0', grad_fn=<UnbindBackward0>)","tensor(-0.2712, device='cuda:0', grad_fn=<UnbindBackward0>)"
"tensor(2.8109, device='cuda:0', grad_fn=<UnbindBackward0>)","tensor(-0.0731, device='cuda:0', grad_fn=<UnbindBackward0>)","tensor(-2.3469, device='cuda:0', grad_fn=<UnbindBackward0>)"
"tensor(0.4823, device='cuda:0', grad_fn=<UnbindBackward0>)","tensor(-1.2537, device='cuda:0', grad_fn=<UnbindBackward0>)","tensor(0.7180, device='cuda:0', grad_fn=<UnbindBackward0>)"
"tensor(3.0871, device='cuda:0', grad_fn=<UnbindBackward0>)","tensor(-0.7974, device='cuda:0', grad_fn=<UnbindBackward0>)","tensor(-2.1694, device='cuda:0', grad_fn=<UnbindBackward0>)"
"tensor(2.1960, device='cuda:0', grad_fn=<UnbindBackward0>)","tensor(-0.8359, device='cuda:0', grad_fn=<UnbindBackward0>)","tensor(-1.2221, device='cuda:0', grad_fn=<UnbindBackward0>)"
"tensor(2.3362, device='cuda:0', grad_fn=<UnbindBackward0>)","tensor(-1.6950, device='cuda:0', grad_fn=<UnbindBackward0>)","tensor(-0.2568, device='cuda:0', grad_fn=<UnbindBackward0>)"
"tensor(2.8698, device='cuda:0', grad_fn=<UnbindBackward0>)","tensor(-1.8106, device='cuda:0', grad_fn=<UnbindBackward0>)","tensor(-0.8497, device='cuda:0', grad_fn=<UnbindBackward0>)"
"tensor(1.2697, device='cuda:0', grad_fn=<UnbindBackward0>)","tensor(-1.4111, device='cuda:0', grad_fn=<UnbindBackward0>)","tensor(0.3824, device='cuda:0', grad_fn=<UnbindBackward0>)"
"tensor(3.9696, device='cuda:0', grad_fn=<UnbindBackward0>)","tensor(-1.9741, device='cuda:0', grad_fn=<UnbindBackward0>)","tensor(-1.6395, device='cuda:0', grad_fn=<UnbindBackward0>)"
"tensor(0.9743, device='cuda:0', grad_fn=<UnbindBackward0>)","tensor(1.0791, device='cuda:0', grad_fn=<UnbindBackward0>)","tensor(-1.8627, device='cuda:0', grad_fn=<UnbindBackward0>)"
"tensor(1.7745, device='cuda:0', grad_fn=<UnbindBackward0>)","tensor(-1.9213, device='cuda:0', grad_fn=<UnbindBackward0>)","tensor(0.2377, device='cuda:0', grad_fn=<UnbindBackward0>)"
"tensor(-0.8729, device='cuda:0', grad_fn=<UnbindBackward0>)","tensor(-2.2763, device='cuda:0', grad_fn=<UnbindBackward0>)","tensor(3.4371, device='cuda:0', grad_fn=<UnbindBackward0>)"
"tensor(0.4542, device='cuda:0', grad_fn=<UnbindBackward0>)","tensor(-0.1900, device='cuda:0', grad_fn=<UnbindBackward0>)","tensor(-0.1826, device='cuda:0', grad_fn=<UnbindBackward0>)"
"tensor(2.2923, device='cuda:0', grad_fn=<UnbindBackward0>)","tensor(-1.9458, device='cuda:0', grad_fn=<UnbindBackward0>)","tensor(0.0961, device='cuda:0', grad_fn=<UnbindBackward0>)"
"tensor(1.5306, device='cuda:0', grad_fn=<UnbindBackward0>)","tensor(-3.0764, device='cuda:0', grad_fn=<UnbindBackward0>)","tensor(2.0546, device='cuda:0', grad_fn=<UnbindBackward0>)"
"tensor(3.8083, device='cuda:0', grad_fn=<UnbindBackward0>)","tensor(-3.4270, device='cuda:0', grad_fn=<UnbindBackward0>)","tensor(-0.5494, device='cuda:0', grad_fn=<UnbindBackward0>)"
"tensor(1.6809, device='cuda:0', grad_fn=<UnbindBackward0>)","tensor(-0.4578, device='cuda:0', grad_fn=<UnbindBackward0>)","tensor(-1.3719, device='cuda:0', grad_fn=<UnbindBackward0>)"
"tensor(-0.1510, device='cuda:0', grad_fn=<UnbindBackward0>)","tensor(-0.3047, device='cuda:0', grad_fn=<UnbindBackward0>)","tensor(0.9071, device='cuda:0', grad_fn=<UnbindBackward0>)"
"tensor(1.0699, device='cuda:0', grad_fn=<UnbindBackward0>)","tensor(0.1168, device='cuda:0', grad_fn=<UnbindBackward0>)","tensor(-0.8338, device='cuda:0', grad_fn=<UnbindBackward0>)"
"tensor(0.9817, device='cuda:0', grad_fn=<UnbindBackward0>)","tensor(-0.0088, device='cuda:0', grad_fn=<UnbindBackward0>)","tensor(-0.7983, device='cuda:0', grad_fn=<UnbindBackward0>)"
"tensor(2.2285, device='cuda:0', grad_fn=<UnbindBackward0>)","tensor(-1.3902, device='cuda:0', grad_fn=<UnbindBackward0>)","tensor(-0.5764, device='cuda:0', grad_fn=<UnbindBackward0>)"
"tensor(1.4350, device='cuda:0', grad_fn=<UnbindBackward0>)","tensor(-1.4039, device='cuda:0', grad_fn=<UnbindBackward0>)","tensor(-0.1127, device='cuda:0', grad_fn=<UnbindBackward0>)"
"tensor(-0.5143, device='cuda:0', grad_fn=<UnbindBackward0>)","tensor(1.1688, device='cuda:0', grad_fn=<UnbindBackward0>)","tensor(-0.4988, device='cuda:0', grad_fn=<UnbindBackward0>)"
"tensor(-1.5201, device='cuda:0', grad_fn=<UnbindBackward0>)","tensor(2.1221, device='cuda:0', grad_fn=<UnbindBackward0>)","tensor(-0.0171, device='cuda:0', grad_fn=<UnbindBackward0>)"
"tensor(-3.2782, device='cuda:0', grad_fn=<UnbindBackward0>)","tensor(3.5603, device='cuda:0', grad_fn=<UnbindBackward0>)","tensor(0.7246, device='cuda:0', grad_fn=<UnbindBackward0>)"
"tensor(-1.0902, device='cuda:0', grad_fn=<UnbindBackward0>)","tensor(1.8586, device='cuda:0', grad_fn=<UnbindBackward0>)","tensor(-0.4834, device='cuda:0', grad_fn=<UnbindBackward0>)"
"tensor(-1.7815, device='cuda:0', grad_fn=<UnbindBackward0>)","tensor(2.0647, device='cuda:0', grad_fn=<UnbindBackward0>)","tensor(0.1501, device='cuda:0', grad_fn=<UnbindBackward0>)"
"tensor(-0.0759, device='cuda:0', grad_fn=<UnbindBackward0>)","tensor(-3.3455, device='cuda:0', grad_fn=<UnbindBackward0>)","tensor(3.7699, device='cuda:0', grad_fn=<UnbindBackward0>)"
"tensor(-0.5143, device='cuda:0', grad_fn=<UnbindBackward0>)","tensor(0.6308, device='cuda:0', grad_fn=<UnbindBackward0>)","tensor(0.2349, device='cuda:0', grad_fn=<UnbindBackward0>)"
"tensor(-0.1212, device='cuda:0', grad_fn=<UnbindBackward0>)","tensor(0.8976, device='cuda:0', grad_fn=<UnbindBackward0>)","tensor(-0.4385, device='cuda:0', grad_fn=<UnbindBackward0>)"
"tensor(-0.1768, device='cuda:0', grad_fn=<UnbindBackward0>)","tensor(-1.1142, device='cuda:0', grad_fn=<UnbindBackward0>)","tensor(1.6473, device='cuda:0', grad_fn=<UnbindBackward0>)"
"tensor(-1.2294, device='cuda:0', grad_fn=<UnbindBackward0>)","tensor(-0.4980, device='cuda:0', grad_fn=<UnbindBackward0>)","tensor(2.1568, device='cuda:0', grad_fn=<UnbindBackward0>)"
"tensor(-3.0038, device='cuda:0', grad_fn=<UnbindBackward0>)","tensor(5.9344, device='cuda:0', grad_fn=<UnbindBackward0>)","tensor(-2.0585, device='cuda:0', grad_fn=<UnbindBackward0>)"
"tensor(1.3451, device='cuda:0', grad_fn=<UnbindBackward0>)","tensor(-1.6804, device='cuda:0', grad_fn=<UnbindBackward0>)","tensor(0.5961, device='cuda:0', grad_fn=<UnbindBackward0>)"
"tensor(-1.6917, device='cuda:0', grad_fn=<UnbindBackward0>)","tensor(2.3915, device='cuda:0', grad_fn=<UnbindBackward0>)","tensor(-0.1862, device='cuda:0', grad_fn=<UnbindBackward0>)"
"tensor(-1.3760, device='cuda:0', grad_fn=<UnbindBackward0>)","tensor(4.7194, device='cuda:0', grad_fn=<UnbindBackward0>)","tensor(-1.4779, device='cuda:0', grad_fn=<UnbindBackward0>)"
"tensor(1.3369, device='cuda:0', grad_fn=<UnbindBackward0>)","tensor(-1.4312, device='cuda:0', grad_fn=<UnbindBackward0>)","tensor(0.3563, device='cuda:0', grad_fn=<UnbindBackward0>)"
"tensor(1.7801, device='cuda:0', grad_fn=<UnbindBackward0>)","tensor(-2.7509, device='cuda:0', grad_fn=<UnbindBackward0>)","tensor(1.2703, device='cuda:0', grad_fn=<UnbindBackward0>)"
"tensor(-2.4110, device='cuda:0', grad_fn=<UnbindBackward0>)","tensor(-1.7339, device='cuda:0', grad_fn=<UnbindBackward0>)","tensor(4.4027, device='cuda:0', grad_fn=<UnbindBackward0>)"
"tensor(-2.0759, device='cuda:0', grad_fn=<UnbindBackward0>)","tensor(-0.4360, device='cuda:0', grad_fn=<UnbindBackward0>)","tensor(2.9799, device='cuda:0', grad_fn=<UnbindBackward0>)"
"tensor(-2.8341, device='cuda:0', grad_fn=<UnbindBackward0>)","tensor(1.8801, device='cuda:0', grad_fn=<UnbindBackward0>)","tensor(1.6946, device='cuda:0', grad_fn=<UnbindBackward0>)"
"tensor(2.0266, device='cuda:0', grad_fn=<UnbindBackward0>)","tensor(-2.2064, device='cuda:0', grad_fn=<UnbindBackward0>)","tensor(0.2337, device='cuda:0', grad_fn=<UnbindBackward0>)"
"tensor(-0.6175, device='cuda:0', grad_fn=<UnbindBackward0>)","tensor(1.8345, device='cuda:0', grad_fn=<UnbindBackward0>)","tensor(-0.7796, device='cuda:0', grad_fn=<UnbindBackward0>)"
"tensor(-1.0309, device='cuda:0', grad_fn=<UnbindBackward0>)","tensor(0.4702, device='cuda:0', grad_fn=<UnbindBackward0>)","tensor(0.9685, device='cuda:0', grad_fn=<UnbindBackward0>)"
"tensor(-1.1067, device='cuda:0', grad_fn=<UnbindBackward0>)","tensor(2.0980, device='cuda:0', grad_fn=<UnbindBackward0>)","tensor(-0.9347, device='cuda:0', grad_fn=<UnbindBackward0>)"
"tensor(0.2560, device='cuda:0', grad_fn=<UnbindBackward0>)","tensor(-1.9360, device='cuda:0', grad_fn=<UnbindBackward0>)","tensor(2.3761, device='cuda:0', grad_fn=<UnbindBackward0>)"
"tensor(0.6601, device='cuda:0', grad_fn=<UnbindBackward0>)","tensor(-1.8345, device='cuda:0', grad_fn=<UnbindBackward0>)","tensor(1.6514, device='cuda:0', grad_fn=<UnbindBackward0>)"
"tensor(-1.8847, device='cuda:0', grad_fn=<UnbindBackward0>)","tensor(1.1531, device='cuda:0', grad_fn=<UnbindBackward0>)","tensor(1.2624, device='cuda:0', grad_fn=<UnbindBackward0>)"
"tensor(-2.4821, device='cuda:0', grad_fn=<UnbindBackward0>)","tensor(2.1266, device='cuda:0', grad_fn=<UnbindBackward0>)","tensor(0.8661, device='cuda:0', grad_fn=<UnbindBackward0>)"
"tensor(-0.7219, device='cuda:0', grad_fn=<UnbindBackward0>)","tensor(-0.5877, device='cuda:0', grad_fn=<UnbindBackward0>)","tensor(1.6004, device='cuda:0', grad_fn=<UnbindBackward0>)"
"tensor(1.0875, device='cuda:0', grad_fn=<UnbindBackward0>)","tensor(-1.2585, device='cuda:0', grad_fn=<UnbindBackward0>)","tensor(0.3089, device='cuda:0', grad_fn=<UnbindBackward0>)"
"tensor(-0.2794, device='cuda:0', grad_fn=<UnbindBackward0>)","tensor(-1.4385, device='cuda:0', grad_fn=<UnbindBackward0>)","tensor(1.9212, device='cuda:0', grad_fn=<UnbindBackward0>)"
"tensor(-1.5717, device='cuda:0', grad_fn=<UnbindBackward0>)","tensor(1.8597, device='cuda:0', grad_fn=<UnbindBackward0>)","tensor(-0.1110, device='cuda:0', grad_fn=<UnbindBackward0>)"
"tensor(-0.1912, device='cuda:0', grad_fn=<UnbindBackward0>)","tensor(0.1810, device='cuda:0', grad_fn=<UnbindBackward0>)","tensor(0.0825, device='cuda:0', grad_fn=<UnbindBackward0>)"
"tensor(-1.5413, device='cuda:0', grad_fn=<UnbindBackward0>)","tensor(2.7758, device='cuda:0', grad_fn=<UnbindBackward0>)","tensor(-0.6372, device='cuda:0', grad_fn=<UnbindBackward0>)"
"tensor(-1.7499, device='cuda:0', grad_fn=<UnbindBackward0>)","tensor(2.3304, device='cuda:0', grad_fn=<UnbindBackward0>)","tensor(-0.3396, device='cuda:0', grad_fn=<UnbindBackward0>)"
"tensor(-0.4708, device='cuda:0', grad_fn=<UnbindBackward0>)","tensor(0.4021, device='cuda:0', grad_fn=<UnbindBackward0>)","tensor(0.2569, device='cuda:0', grad_fn=<UnbindBackward0>)"
"tensor(-0.6057, device='cuda:0', grad_fn=<UnbindBackward0>)","tensor(2.0007, device='cuda:0', grad_fn=<UnbindBackward0>)","tensor(-0.9326, device='cuda:0', grad_fn=<UnbindBackward0>)"
"tensor(-2.9649, device='cuda:0', grad_fn=<UnbindBackward0>)","tensor(3.9328, device='cuda:0', grad_fn=<UnbindBackward0>)","tensor(-0.0353, device='cuda:0', grad_fn=<UnbindBackward0>)"
"tensor(-0.2535, device='cuda:0', grad_fn=<UnbindBackward0>)","tensor(1.2602, device='cuda:0', grad_fn=<UnbindBackward0>)","tensor(-0.6616, device='cuda:0', grad_fn=<UnbindBackward0>)"
"tensor(-2.0323, device='cuda:0', grad_fn=<UnbindBackward0>)","tensor(2.0136, device='cuda:0', grad_fn=<UnbindBackward0>)","tensor(0.2894, device='cuda:0', grad_fn=<UnbindBackward0>)"
"tensor(-1.4142, device='cuda:0', grad_fn=<UnbindBackward0>)","tensor(1.5951, device='cuda:0', grad_fn=<UnbindBackward0>)","tensor(-0.0830, device='cuda:0', grad_fn=<UnbindBackward0>)"
"tensor(-1.0784, device='cuda:0', grad_fn=<UnbindBackward0>)","tensor(0.9362, device='cuda:0', grad_fn=<UnbindBackward0>)","tensor(0.5435, device='cuda:0', grad_fn=<UnbindBackward0>)"
"tensor(-1.8955, device='cuda:0', grad_fn=<UnbindBackward0>)","tensor(1.9014, device='cuda:0', grad_fn=<UnbindBackward0>)","tensor(0.2313, device='cuda:0', grad_fn=<UnbindBackward0>)"
"tensor(-1.5722, device='cuda:0', grad_fn=<UnbindBackward0>)","tensor(1.5512, device='cuda:0', grad_fn=<UnbindBackward0>)","tensor(0.2824, device='cuda:0', grad_fn=<UnbindBackward0>)"
"tensor(0.3905, device='cuda:0', grad_fn=<UnbindBackward0>)","tensor(0.7880, device='cuda:0', grad_fn=<UnbindBackward0>)","tensor(-0.7909, device='cuda:0', grad_fn=<UnbindBackward0>)"
"tensor(0.0790, device='cuda:0', grad_fn=<UnbindBackward0>)","tensor(-4.1312, device='cuda:0', grad_fn=<UnbindBackward0>)","tensor(4.7138, device='cuda:0', grad_fn=<UnbindBackward0>)"
"tensor(-1.7280, device='cuda:0', grad_fn=<UnbindBackward0>)","tensor(2.9019, device='cuda:0', grad_fn=<UnbindBackward0>)","tensor(-0.7755, device='cuda:0', grad_fn=<UnbindBackward0>)"
"tensor(0.4091, device='cuda:0', grad_fn=<UnbindBackward0>)","tensor(-1.9966, device='cuda:0', grad_fn=<UnbindBackward0>)","tensor(1.8222, device='cuda:0', grad_fn=<UnbindBackward0>)"
"tensor(-1.7643, device='cuda:0', grad_fn=<UnbindBackward0>)","tensor(-0.8075, device='cuda:0', grad_fn=<UnbindBackward0>)","tensor(2.7418, device='cuda:0', grad_fn=<UnbindBackward0>)"
"tensor(-0.2712, device='cuda:0', grad_fn=<UnbindBackward0>)","tensor(-2.0378, device='cuda:0', grad_fn=<UnbindBackward0>)","tensor(2.7130, device='cuda:0', grad_fn=<UnbindBackward0>)"
"tensor(-1.6137, device='cuda:0', grad_fn=<UnbindBackward0>)","tensor(1.1915, device='cuda:0', grad_fn=<UnbindBackward0>)","tensor(0.9804, device='cuda:0', grad_fn=<UnbindBackward0>)"
"tensor(-0.1156, device='cuda:0', grad_fn=<UnbindBackward0>)","tensor(-0.0911, device='cuda:0', grad_fn=<UnbindBackward0>)","tensor(0.3322, device='cuda:0', grad_fn=<UnbindBackward0>)"
"tensor(0.2935, device='cuda:0', grad_fn=<UnbindBackward0>)","tensor(-2.2482, device='cuda:0', grad_fn=<UnbindBackward0>)","tensor(2.3668, device='cuda:0', grad_fn=<UnbindBackward0>)"
"tensor(1.4106, device='cuda:0', grad_fn=<UnbindBackward0>)","tensor(-1.6928, device='cuda:0', grad_fn=<UnbindBackward0>)","tensor(0.3700, device='cuda:0', grad_fn=<UnbindBackward0>)"
"tensor(-1.6037, device='cuda:0', grad_fn=<UnbindBackward0>)","tensor(1.6181, device='cuda:0', grad_fn=<UnbindBackward0>)","tensor(0.1316, device='cuda:0', grad_fn=<UnbindBackward0>)"
"tensor(1.4686, device='cuda:0', grad_fn=<UnbindBackward0>)","tensor(-6.7248, device='cuda:0', grad_fn=<UnbindBackward0>)","tensor(6.9647, device='cuda:0', grad_fn=<UnbindBackward0>)"
"tensor(0.0107, device='cuda:0', grad_fn=<UnbindBackward0>)","tensor(1.7747, device='cuda:0', grad_fn=<UnbindBackward0>)","tensor(-1.6225, device='cuda:0', grad_fn=<UnbindBackward0>)"
"tensor(-2.4093, device='cuda:0', grad_fn=<UnbindBackward0>)","tensor(2.6207, device='cuda:0', grad_fn=<UnbindBackward0>)","tensor(0.4318, device='cuda:0', grad_fn=<UnbindBackward0>)"
"tensor(-1.8032, device='cuda:0', grad_fn=<UnbindBackward0>)","tensor(1.6386, device='cuda:0', grad_fn=<UnbindBackward0>)","tensor(0.5907, device='cuda:0', grad_fn=<UnbindBackward0>)"
"tensor(0.1933, device='cuda:0', grad_fn=<UnbindBackward0>)","tensor(-0.9037, device='cuda:0', grad_fn=<UnbindBackward0>)","tensor(0.9319, device='cuda:0', grad_fn=<UnbindBackward0>)"
"tensor(-1.0579, device='cuda:0', grad_fn=<UnbindBackward0>)","tensor(1.0069, device='cuda:0', grad_fn=<UnbindBackward0>)","tensor(0.3704, device='cuda:0', grad_fn=<UnbindBackward0>)"
"tensor(-2.6829, device='cuda:0', grad_fn=<UnbindBackward0>)","tensor(0.2861, device='cuda:0', grad_fn=<UnbindBackward0>)","tensor(3.7283, device='cuda:0', grad_fn=<UnbindBackward0>)"
"tensor(1.1725, device='cuda:0', grad_fn=<UnbindBackward0>)","tensor(-0.1137, device='cuda:0', grad_fn=<UnbindBackward0>)","tensor(-0.7173, device='cuda:0', grad_fn=<UnbindBackward0>)"
"tensor(0.0771, device='cuda:0', grad_fn=<UnbindBackward0>)","tensor(-0.9596, device='cuda:0', grad_fn=<UnbindBackward0>)","tensor(1.0901, device='cuda:0', grad_fn=<UnbindBackward0>)"
"tensor(-2.1897, device='cuda:0', grad_fn=<UnbindBackward0>)","tensor(1.8454, device='cuda:0', grad_fn=<UnbindBackward0>)","tensor(0.4821, device='cuda:0', grad_fn=<UnbindBackward0>)"
"tensor(-0.3827, device='cuda:0', grad_fn=<UnbindBackward0>)","tensor(-0.3784, device='cuda:0', grad_fn=<UnbindBackward0>)","tensor(0.9799, device='cuda:0', grad_fn=<UnbindBackward0>)"
"tensor(-1.4285, device='cuda:0', grad_fn=<UnbindBackward0>)","tensor(0.7257, device='cuda:0', grad_fn=<UnbindBackward0>)","tensor(0.9399, device='cuda:0', grad_fn=<UnbindBackward0>)"
"tensor(0.4486, device='cuda:0', grad_fn=<UnbindBackward0>)","tensor(-1.8575, device='cuda:0', grad_fn=<UnbindBackward0>)","tensor(1.3515, device='cuda:0', grad_fn=<UnbindBackward0>)"
"tensor(2.1456, device='cuda:0', grad_fn=<UnbindBackward0>)","tensor(-3.1573, device='cuda:0', grad_fn=<UnbindBackward0>)","tensor(1.3164, device='cuda:0', grad_fn=<UnbindBackward0>)"
"tensor(-0.4203, device='cuda:0', grad_fn=<UnbindBackward0>)","tensor(-0.3917, device='cuda:0', grad_fn=<UnbindBackward0>)","tensor(1.0422, device='cuda:0', grad_fn=<UnbindBackward0>)"
"tensor(-3.7253, device='cuda:0', grad_fn=<UnbindBackward0>)","tensor(8.0020, device='cuda:0', grad_fn=<UnbindBackward0>)","tensor(-3.5153, device='cuda:0', grad_fn=<UnbindBackward0>)"
"tensor(-0.4313, device='cuda:0', grad_fn=<UnbindBackward0>)","tensor(3.4393, device='cuda:0', grad_fn=<UnbindBackward0>)","tensor(-2.9445, device='cuda:0', grad_fn=<UnbindBackward0>)"
"tensor(-0.9863, device='cuda:0', grad_fn=<UnbindBackward0>)","tensor(-3.5799, device='cuda:0', grad_fn=<UnbindBackward0>)","tensor(5.3423, device='cuda:0', grad_fn=<UnbindBackward0>)"
"tensor(1.0212, device='cuda:0', grad_fn=<UnbindBackward0>)","tensor(-3.1535, device='cuda:0', grad_fn=<UnbindBackward0>)","tensor(2.4493, device='cuda:0', grad_fn=<UnbindBackward0>)"
"tensor(-0.7760, device='cuda:0', grad_fn=<UnbindBackward0>)","tensor(2.7370, device='cuda:0', grad_fn=<UnbindBackward0>)","tensor(-1.4324, device='cuda:0', grad_fn=<UnbindBackward0>)"
"tensor(0.8316, device='cuda:0', grad_fn=<UnbindBackward0>)","tensor(-2.5907, device='cuda:0', grad_fn=<UnbindBackward0>)","tensor(1.9545, device='cuda:0', grad_fn=<UnbindBackward0>)"
"tensor(-1.5434, device='cuda:0', grad_fn=<UnbindBackward0>)","tensor(1.4854, device='cuda:0', grad_fn=<UnbindBackward0>)","tensor(0.3915, device='cuda:0', grad_fn=<UnbindBackward0>)"
"tensor(1.7579, device='cuda:0', grad_fn=<UnbindBackward0>)","tensor(-3.1068, device='cuda:0', grad_fn=<UnbindBackward0>)","tensor(1.5735, device='cuda:0', grad_fn=<UnbindBackward0>)"
"tensor(-0.6237, device='cuda:0', grad_fn=<UnbindBackward0>)","tensor(0.9063, device='cuda:0', grad_fn=<UnbindBackward0>)","tensor(-0.1469, device='cuda:0', grad_fn=<UnbindBackward0>)"
"tensor(0.6010, device='cuda:0', grad_fn=<UnbindBackward0>)","tensor(-1.4312, device='cuda:0', grad_fn=<UnbindBackward0>)","tensor(1.0258, device='cuda:0', grad_fn=<UnbindBackward0>)"
"tensor(-1.6828, device='cuda:0', grad_fn=<UnbindBackward0>)","tensor(0.9660, device='cuda:0', grad_fn=<UnbindBackward0>)","tensor(1.3307, device='cuda:0', grad_fn=<UnbindBackward0>)"
"tensor(0.4948, device='cuda:0', grad_fn=<UnbindBackward0>)","tensor(-0.9657, device='cuda:0', grad_fn=<UnbindBackward0>)","tensor(0.6506, device='cuda:0', grad_fn=<UnbindBackward0>)"
"tensor(-1.0721, device='cuda:0', grad_fn=<UnbindBackward0>)","tensor(1.8399, device='cuda:0', grad_fn=<UnbindBackward0>)","tensor(-0.1788, device='cuda:0', grad_fn=<UnbindBackward0>)"
"tensor(-3.4680, device='cuda:0', grad_fn=<UnbindBackward0>)","tensor(3.3669, device='cuda:0', grad_fn=<UnbindBackward0>)","tensor(0.4933, device='cuda:0', grad_fn=<UnbindBackward0>)"
"tensor(-0.7274, device='cuda:0', grad_fn=<UnbindBackward0>)","tensor(-2.5062, device='cuda:0', grad_fn=<UnbindBackward0>)","tensor(4.1151, device='cuda:0', grad_fn=<UnbindBackward0>)"
"tensor(-3.1149, device='cuda:0', grad_fn=<UnbindBackward0>)","tensor(2.6897, device='cuda:0', grad_fn=<UnbindBackward0>)","tensor(0.7323, device='cuda:0', grad_fn=<UnbindBackward0>)"
"tensor(-0.9411, device='cuda:0', grad_fn=<UnbindBackward0>)","tensor(2.8246, device='cuda:0', grad_fn=<UnbindBackward0>)","tensor(-1.6873, device='cuda:0', grad_fn=<UnbindBackward0>)"
"tensor(-2.6163, device='cuda:0', grad_fn=<UnbindBackward0>)","tensor(4.2488, device='cuda:0', grad_fn=<UnbindBackward0>)","tensor(-1.3002, device='cuda:0', grad_fn=<UnbindBackward0>)"
"tensor(0.1023, device='cuda:0', grad_fn=<UnbindBackward0>)","tensor(-1.4280, device='cuda:0', grad_fn=<UnbindBackward0>)","tensor(2.0653, device='cuda:0', grad_fn=<UnbindBackward0>)"
"tensor(-1.8206, device='cuda:0', grad_fn=<UnbindBackward0>)","tensor(1.9807, device='cuda:0', grad_fn=<UnbindBackward0>)","tensor(0.2619, device='cuda:0', grad_fn=<UnbindBackward0>)"
"tensor(-0.2825, device='cuda:0', grad_fn=<UnbindBackward0>)","tensor(-0.5688, device='cuda:0', grad_fn=<UnbindBackward0>)","tensor(1.0521, device='cuda:0', grad_fn=<UnbindBackward0>)"
"tensor(0.2553, device='cuda:0', grad_fn=<UnbindBackward0>)","tensor(1.0769, device='cuda:0', grad_fn=<UnbindBackward0>)","tensor(-0.9790, device='cuda:0', grad_fn=<UnbindBackward0>)"
"tensor(-1.6928, device='cuda:0', grad_fn=<UnbindBackward0>)","tensor(-0.6933, device='cuda:0', grad_fn=<UnbindBackward0>)","tensor(3.6016, device='cuda:0', grad_fn=<UnbindBackward0>)"
"tensor(-1.0770, device='cuda:0', grad_fn=<UnbindBackward0>)","tensor(2.6072, device='cuda:0', grad_fn=<UnbindBackward0>)","tensor(-1.5828, device='cuda:0', grad_fn=<UnbindBackward0>)"
"tensor(-0.9797, device='cuda:0', grad_fn=<UnbindBackward0>)","tensor(1.7986, device='cuda:0', grad_fn=<UnbindBackward0>)","tensor(-0.4630, device='cuda:0', grad_fn=<UnbindBackward0>)"
"tensor(-0.7569, device='cuda:0', grad_fn=<UnbindBackward0>)","tensor(2.2669, device='cuda:0', grad_fn=<UnbindBackward0>)","tensor(-1.1329, device='cuda:0', grad_fn=<UnbindBackward0>)"
"tensor(-1.1730, device='cuda:0', grad_fn=<UnbindBackward0>)","tensor(1.5694, device='cuda:0', grad_fn=<UnbindBackward0>)","tensor(-0.2872, device='cuda:0', grad_fn=<UnbindBackward0>)"
"tensor(0.8678, device='cuda:0', grad_fn=<UnbindBackward0>)","tensor(-1.9102, device='cuda:0', grad_fn=<UnbindBackward0>)","tensor(1.3296, device='cuda:0', grad_fn=<UnbindBackward0>)"
"tensor(2.2237, device='cuda:0', grad_fn=<UnbindBackward0>)","tensor(-1.3951, device='cuda:0', grad_fn=<UnbindBackward0>)","tensor(-0.6162, device='cuda:0', grad_fn=<UnbindBackward0>)"
"tensor(-0.8397, device='cuda:0', grad_fn=<UnbindBackward0>)","tensor(0.4088, device='cuda:0', grad_fn=<UnbindBackward0>)","tensor(0.6485, device='cuda:0', grad_fn=<UnbindBackward0>)"
"tensor(-0.2631, device='cuda:0', grad_fn=<UnbindBackward0>)","tensor(-2.0903, device='cuda:0', grad_fn=<UnbindBackward0>)","tensor(2.6180, device='cuda:0', grad_fn=<UnbindBackward0>)"
"tensor(-2.3309, device='cuda:0', grad_fn=<UnbindBackward0>)","tensor(3.8383, device='cuda:0', grad_fn=<UnbindBackward0>)","tensor(-0.3844, device='cuda:0', grad_fn=<UnbindBackward0>)"
"tensor(-2.1213, device='cuda:0', grad_fn=<UnbindBackward0>)","tensor(2.5546, device='cuda:0', grad_fn=<UnbindBackward0>)","tensor(0.5797, device='cuda:0', grad_fn=<UnbindBackward0>)"
"tensor(-0.4823, device='cuda:0', grad_fn=<UnbindBackward0>)","tensor(0.8009, device='cuda:0', grad_fn=<UnbindBackward0>)","tensor(0.0646, device='cuda:0', grad_fn=<UnbindBackward0>)"
"tensor(-0.0012, device='cuda:0', grad_fn=<UnbindBackward0>)","tensor(-1.7701, device='cuda:0', grad_fn=<UnbindBackward0>)","tensor(2.4283, device='cuda:0', grad_fn=<UnbindBackward0>)"
"tensor(0.1424, device='cuda:0', grad_fn=<UnbindBackward0>)","tensor(-0.5263, device='cuda:0', grad_fn=<UnbindBackward0>)","tensor(0.6015, device='cuda:0', grad_fn=<UnbindBackward0>)"
"tensor(-1.0452, device='cuda:0', grad_fn=<UnbindBackward0>)","tensor(4.0499, device='cuda:0', grad_fn=<UnbindBackward0>)","tensor(-2.8678, device='cuda:0', grad_fn=<UnbindBackward0>)"
"tensor(-2.0957, device='cuda:0', grad_fn=<UnbindBackward0>)","tensor(-0.2100, device='cuda:0', grad_fn=<UnbindBackward0>)","tensor(2.7135, device='cuda:0', grad_fn=<UnbindBackward0>)"
"tensor(0.6753, device='cuda:0', grad_fn=<UnbindBackward0>)","tensor(3.7867, device='cuda:0', grad_fn=<UnbindBackward0>)","tensor(-3.3226, device='cuda:0', grad_fn=<UnbindBackward0>)"
"tensor(-1.2923, device='cuda:0', grad_fn=<UnbindBackward0>)","tensor(1.0287, device='cuda:0', grad_fn=<UnbindBackward0>)","tensor(0.7108, device='cuda:0', grad_fn=<UnbindBackward0>)"
"tensor(-0.1152, device='cuda:0', grad_fn=<UnbindBackward0>)","tensor(-0.0911, device='cuda:0', grad_fn=<UnbindBackward0>)","tensor(0.3317, device='cuda:0', grad_fn=<UnbindBackward0>)"
"tensor(-0.9703, device='cuda:0', grad_fn=<UnbindBackward0>)","tensor(0.7884, device='cuda:0', grad_fn=<UnbindBackward0>)","tensor(0.2889, device='cuda:0', grad_fn=<UnbindBackward0>)"
"tensor(-2.5331, device='cuda:0', grad_fn=<UnbindBackward0>)","tensor(3.7878, device='cuda:0', grad_fn=<UnbindBackward0>)","tensor(-0.8009, device='cuda:0', grad_fn=<UnbindBackward0>)"
"tensor(-1.0710, device='cuda:0', grad_fn=<UnbindBackward0>)","tensor(2.6316, device='cuda:0', grad_fn=<UnbindBackward0>)","tensor(-1.3342, device='cuda:0', grad_fn=<UnbindBackward0>)"
"tensor(0.0925, device='cuda:0', grad_fn=<UnbindBackward0>)","tensor(-1.1618, device='cuda:0', grad_fn=<UnbindBackward0>)","tensor(1.5366, device='cuda:0', grad_fn=<UnbindBackward0>)"
"tensor(-1.7102, device='cuda:0', grad_fn=<UnbindBackward0>)","tensor(3.0174, device='cuda:0', grad_fn=<UnbindBackward0>)","tensor(-1.6031, device='cuda:0', grad_fn=<UnbindBackward0>)"
"tensor(-0.7811, device='cuda:0', grad_fn=<UnbindBackward0>)","tensor(4.2542, device='cuda:0', grad_fn=<UnbindBackward0>)","tensor(-3.5418, device='cuda:0', grad_fn=<UnbindBackward0>)"
"tensor(-3.3145, device='cuda:0', grad_fn=<UnbindBackward0>)","tensor(5.9557, device='cuda:0', grad_fn=<UnbindBackward0>)","tensor(-1.7387, device='cuda:0', grad_fn=<UnbindBackward0>)"
"tensor(-0.4826, device='cuda:0', grad_fn=<UnbindBackward0>)","tensor(4.8529, device='cuda:0', grad_fn=<UnbindBackward0>)","tensor(-2.8062, device='cuda:0', grad_fn=<UnbindBackward0>)"
"tensor(-2.0031, device='cuda:0', grad_fn=<UnbindBackward0>)","tensor(-1.5020, device='cuda:0', grad_fn=<UnbindBackward0>)","tensor(3.7928, device='cuda:0', grad_fn=<UnbindBackward0>)"
"tensor(0.4844, device='cuda:0', grad_fn=<UnbindBackward0>)","tensor(-0.6838, device='cuda:0', grad_fn=<UnbindBackward0>)","tensor(0.4992, device='cuda:0', grad_fn=<UnbindBackward0>)"
"tensor(0.1885, device='cuda:0', grad_fn=<UnbindBackward0>)","tensor(-1.4055, device='cuda:0', grad_fn=<UnbindBackward0>)","tensor(1.4963, device='cuda:0', grad_fn=<UnbindBackward0>)"
"tensor(-1.0673, device='cuda:0', grad_fn=<UnbindBackward0>)","tensor(0.5700, device='cuda:0', grad_fn=<UnbindBackward0>)","tensor(0.6948, device='cuda:0', grad_fn=<UnbindBackward0>)"
"tensor(0.3527, device='cuda:0', grad_fn=<UnbindBackward0>)","tensor(-0.7353, device='cuda:0', grad_fn=<UnbindBackward0>)","tensor(0.8043, device='cuda:0', grad_fn=<UnbindBackward0>)"
"tensor(0.7398, device='cuda:0', grad_fn=<UnbindBackward0>)","tensor(1.0768, device='cuda:0', grad_fn=<UnbindBackward0>)","tensor(-1.3551, device='cuda:0', grad_fn=<UnbindBackward0>)"
"tensor(-1.0927, device='cuda:0', grad_fn=<UnbindBackward0>)","tensor(3.0157, device='cuda:0', grad_fn=<UnbindBackward0>)","tensor(-1.5874, device='cuda:0', grad_fn=<UnbindBackward0>)"
"tensor(0.0995, device='cuda:0', grad_fn=<UnbindBackward0>)","tensor(2.0975, device='cuda:0', grad_fn=<UnbindBackward0>)","tensor(-2.1446, device='cuda:0', grad_fn=<UnbindBackward0>)"
"tensor(0.1785, device='cuda:0', grad_fn=<UnbindBackward0>)","tensor(-1.8908, device='cuda:0', grad_fn=<UnbindBackward0>)","tensor(2.3171, device='cuda:0', grad_fn=<UnbindBackward0>)"
"tensor(0.6819, device='cuda:0', grad_fn=<UnbindBackward0>)","tensor(-2.0952, device='cuda:0', grad_fn=<UnbindBackward0>)","tensor(1.7146, device='cuda:0', grad_fn=<UnbindBackward0>)"
"tensor(-0.1153, device='cuda:0', grad_fn=<UnbindBackward0>)","tensor(-0.0910, device='cuda:0', grad_fn=<UnbindBackward0>)","tensor(0.3317, device='cuda:0', grad_fn=<UnbindBackward0>)"
"tensor(-1.2710, device='cuda:0', grad_fn=<UnbindBackward0>)","tensor(1.3184, device='cuda:0', grad_fn=<UnbindBackward0>)","tensor(0.3677, device='cuda:0', grad_fn=<UnbindBackward0>)"
"tensor(-1.8300, device='cuda:0', grad_fn=<UnbindBackward0>)","tensor(3.5091, device='cuda:0', grad_fn=<UnbindBackward0>)","tensor(-1.4242, device='cuda:0', grad_fn=<UnbindBackward0>)"
"tensor(-1.0869, device='cuda:0', grad_fn=<UnbindBackward0>)","tensor(2.6216, device='cuda:0', grad_fn=<UnbindBackward0>)","tensor(-1.1468, device='cuda:0', grad_fn=<UnbindBackward0>)"
"tensor(-0.1152, device='cuda:0', grad_fn=<UnbindBackward0>)","tensor(-0.0911, device='cuda:0', grad_fn=<UnbindBackward0>)","tensor(0.3317, device='cuda:0', grad_fn=<UnbindBackward0>)"
"tensor(0.7357, device='cuda:0', grad_fn=<UnbindBackward0>)","tensor(-0.4403, device='cuda:0', grad_fn=<UnbindBackward0>)","tensor(-0.2646, device='cuda:0', grad_fn=<UnbindBackward0>)"
"tensor(-0.6883, device='cuda:0', grad_fn=<UnbindBackward0>)","tensor(0.5484, device='cuda:0', grad_fn=<UnbindBackward0>)","tensor(0.4993, device='cuda:0', grad_fn=<UnbindBackward0>)"
"tensor(-0.7462, device='cuda:0', grad_fn=<UnbindBackward0>)","tensor(1.2456, device='cuda:0', grad_fn=<UnbindBackward0>)","tensor(-0.4175, device='cuda:0', grad_fn=<UnbindBackward0>)"
"tensor(-1.6729, device='cuda:0', grad_fn=<UnbindBackward0>)","tensor(0.5623, device='cuda:0', grad_fn=<UnbindBackward0>)","tensor(1.9866, device='cuda:0', grad_fn=<UnbindBackward0>)"
"tensor(-0.9701, device='cuda:0', grad_fn=<UnbindBackward0>)","tensor(-0.4810, device='cuda:0', grad_fn=<UnbindBackward0>)","tensor(2.0434, device='cuda:0', grad_fn=<UnbindBackward0>)"
"tensor(-1.7874, device='cuda:0', grad_fn=<UnbindBackward0>)","tensor(2.8668, device='cuda:0', grad_fn=<UnbindBackward0>)","tensor(-0.4075, device='cuda:0', grad_fn=<UnbindBackward0>)"
"tensor(-0.9382, device='cuda:0', grad_fn=<UnbindBackward0>)","tensor(1.5928, device='cuda:0', grad_fn=<UnbindBackward0>)","tensor(-0.4241, device='cuda:0', grad_fn=<UnbindBackward0>)"
"tensor(-1.1426, device='cuda:0', grad_fn=<UnbindBackward0>)","tensor(3.2997, device='cuda:0', grad_fn=<UnbindBackward0>)","tensor(-1.8695, device='cuda:0', grad_fn=<UnbindBackward0>)"
"tensor(0.0470, device='cuda:0', grad_fn=<UnbindBackward0>)","tensor(1.5627, device='cuda:0', grad_fn=<UnbindBackward0>)","tensor(-1.1248, device='cuda:0', grad_fn=<UnbindBackward0>)"
"tensor(-0.7395, device='cuda:0', grad_fn=<UnbindBackward0>)","tensor(0.0856, device='cuda:0', grad_fn=<UnbindBackward0>)","tensor(0.8731, device='cuda:0', grad_fn=<UnbindBackward0>)"
"tensor(-2.0217, device='cuda:0', grad_fn=<UnbindBackward0>)","tensor(3.1322, device='cuda:0', grad_fn=<UnbindBackward0>)","tensor(-0.6262, device='cuda:0', grad_fn=<UnbindBackward0>)"
"tensor(-3.1736, device='cuda:0', grad_fn=<UnbindBackward0>)","tensor(4.4183, device='cuda:0', grad_fn=<UnbindBackward0>)","tensor(-0.0377, device='cuda:0', grad_fn=<UnbindBackward0>)"
"tensor(-0.7727, device='cuda:0', grad_fn=<UnbindBackward0>)","tensor(2.1345, device='cuda:0', grad_fn=<UnbindBackward0>)","tensor(-1.3728, device='cuda:0', grad_fn=<UnbindBackward0>)"
"tensor(-1.6920, device='cuda:0', grad_fn=<UnbindBackward0>)","tensor(0.5002, device='cuda:0', grad_fn=<UnbindBackward0>)","tensor(1.5854, device='cuda:0', grad_fn=<UnbindBackward0>)"
"tensor(-0.9114, device='cuda:0', grad_fn=<UnbindBackward0>)","tensor(3.5606, device='cuda:0', grad_fn=<UnbindBackward0>)","tensor(-2.5630, device='cuda:0', grad_fn=<UnbindBackward0>)"
"tensor(-0.9815, device='cuda:0', grad_fn=<UnbindBackward0>)","tensor(-0.1219, device='cuda:0', grad_fn=<UnbindBackward0>)","tensor(1.2587, device='cuda:0', grad_fn=<UnbindBackward0>)"
"tensor(-0.4112, device='cuda:0', grad_fn=<UnbindBackward0>)","tensor(-0.1379, device='cuda:0', grad_fn=<UnbindBackward0>)","tensor(0.7264, device='cuda:0', grad_fn=<UnbindBackward0>)"
"tensor(-2.2572, device='cuda:0', grad_fn=<UnbindBackward0>)","tensor(3.9697, device='cuda:0', grad_fn=<UnbindBackward0>)","tensor(-1.3274, device='cuda:0', grad_fn=<UnbindBackward0>)"
"tensor(-0.6298, device='cuda:0', grad_fn=<UnbindBackward0>)","tensor(0.9262, device='cuda:0', grad_fn=<UnbindBackward0>)","tensor(-0.0881, device='cuda:0', grad_fn=<UnbindBackward0>)"
"tensor(-1.2141, device='cuda:0', grad_fn=<UnbindBackward0>)","tensor(0.5892, device='cuda:0', grad_fn=<UnbindBackward0>)","tensor(0.7853, device='cuda:0', grad_fn=<UnbindBackward0>)"
"tensor(-0.1294, device='cuda:0', grad_fn=<UnbindBackward0>)","tensor(1.1706, device='cuda:0', grad_fn=<UnbindBackward0>)","tensor(-0.7949, device='cuda:0', grad_fn=<UnbindBackward0>)"
"tensor(-0.1207, device='cuda:0', grad_fn=<UnbindBackward0>)","tensor(1.0510, device='cuda:0', grad_fn=<UnbindBackward0>)","tensor(-0.7122, device='cuda:0', grad_fn=<UnbindBackward0>)"
"tensor(-1.5603, device='cuda:0', grad_fn=<UnbindBackward0>)","tensor(1.2019, device='cuda:0', grad_fn=<UnbindBackward0>)","tensor(0.8679, device='cuda:0', grad_fn=<UnbindBackward0>)"
"tensor(-1.6344, device='cuda:0', grad_fn=<UnbindBackward0>)","tensor(2.2610, device='cuda:0', grad_fn=<UnbindBackward0>)","tensor(-0.6630, device='cuda:0', grad_fn=<UnbindBackward0>)"
"tensor(1.4435, device='cuda:0', grad_fn=<UnbindBackward0>)","tensor(-1.8800, device='cuda:0', grad_fn=<UnbindBackward0>)","tensor(0.6223, device='cuda:0', grad_fn=<UnbindBackward0>)"
"tensor(-0.7194, device='cuda:0', grad_fn=<UnbindBackward0>)","tensor(-0.4337, device='cuda:0', grad_fn=<UnbindBackward0>)","tensor(1.2580, device='cuda:0', grad_fn=<UnbindBackward0>)"
"tensor(-1.4453, device='cuda:0', grad_fn=<UnbindBackward0>)","tensor(0.9528, device='cuda:0', grad_fn=<UnbindBackward0>)","tensor(1.2887, device='cuda:0', grad_fn=<UnbindBackward0>)"
"tensor(-2.6114, device='cuda:0', grad_fn=<UnbindBackward0>)","tensor(6.7671, device='cuda:0', grad_fn=<UnbindBackward0>)","tensor(-2.7976, device='cuda:0', grad_fn=<UnbindBackward0>)"
"tensor(-0.7441, device='cuda:0', grad_fn=<UnbindBackward0>)","tensor(0.0630, device='cuda:0', grad_fn=<UnbindBackward0>)","tensor(0.9093, device='cuda:0', grad_fn=<UnbindBackward0>)"
"tensor(-1.1793, device='cuda:0', grad_fn=<UnbindBackward0>)","tensor(2.6045, device='cuda:0', grad_fn=<UnbindBackward0>)","tensor(-1.7028, device='cuda:0', grad_fn=<UnbindBackward0>)"
"tensor(-0.6293, device='cuda:0', grad_fn=<UnbindBackward0>)","tensor(0.8397, device='cuda:0', grad_fn=<UnbindBackward0>)","tensor(-0.2254, device='cuda:0', grad_fn=<UnbindBackward0>)"
"tensor(-0.5100, device='cuda:0', grad_fn=<UnbindBackward0>)","tensor(1.8152, device='cuda:0', grad_fn=<UnbindBackward0>)","tensor(-0.8778, device='cuda:0', grad_fn=<UnbindBackward0>)"
"tensor(0.2769, device='cuda:0', grad_fn=<UnbindBackward0>)","tensor(-0.7028, device='cuda:0', grad_fn=<UnbindBackward0>)","tensor(0.6865, device='cuda:0', grad_fn=<UnbindBackward0>)"
"tensor(1.3056, device='cuda:0', grad_fn=<UnbindBackward0>)","tensor(-3.9513, device='cuda:0', grad_fn=<UnbindBackward0>)","tensor(2.5879, device='cuda:0', grad_fn=<UnbindBackward0>)"
"tensor(-2.9158, device='cuda:0', grad_fn=<UnbindBackward0>)","tensor(0.5542, device='cuda:0', grad_fn=<UnbindBackward0>)","tensor(2.9124, device='cuda:0', grad_fn=<UnbindBackward0>)"
"tensor(-1.5963, device='cuda:0', grad_fn=<UnbindBackward0>)","tensor(0.5058, device='cuda:0', grad_fn=<UnbindBackward0>)","tensor(1.6849, device='cuda:0', grad_fn=<UnbindBackward0>)"
"tensor(0.1287, device='cuda:0', grad_fn=<UnbindBackward0>)","tensor(-2.2177, device='cuda:0', grad_fn=<UnbindBackward0>)","tensor(2.5302, device='cuda:0', grad_fn=<UnbindBackward0>)"
"tensor(-0.7405, device='cuda:0', grad_fn=<UnbindBackward0>)","tensor(-1.6174, device='cuda:0', grad_fn=<UnbindBackward0>)","tensor(2.1292, device='cuda:0', grad_fn=<UnbindBackward0>)"
"tensor(-0.4954, device='cuda:0', grad_fn=<UnbindBackward0>)","tensor(-0.5358, device='cuda:0', grad_fn=<UnbindBackward0>)","tensor(1.0485, device='cuda:0', grad_fn=<UnbindBackward0>)"
"tensor(0.0303, device='cuda:0', grad_fn=<UnbindBackward0>)","tensor(-1.4093, device='cuda:0', grad_fn=<UnbindBackward0>)","tensor(1.9301, device='cuda:0', grad_fn=<UnbindBackward0>)"
"tensor(-1.3339, device='cuda:0', grad_fn=<UnbindBackward0>)","tensor(-0.2242, device='cuda:0', grad_fn=<UnbindBackward0>)","tensor(1.6774, device='cuda:0', grad_fn=<UnbindBackward0>)"
"tensor(-0.9296, device='cuda:0', grad_fn=<UnbindBackward0>)","tensor(-0.0753, device='cuda:0', grad_fn=<UnbindBackward0>)","tensor(1.1548, device='cuda:0', grad_fn=<UnbindBackward0>)"
"tensor(0.0348, device='cuda:0', grad_fn=<UnbindBackward0>)","tensor(-1.4945, device='cuda:0', grad_fn=<UnbindBackward0>)","tensor(1.9684, device='cuda:0', grad_fn=<UnbindBackward0>)"
"tensor(1.0554, device='cuda:0', grad_fn=<UnbindBackward0>)","tensor(-3.4342, device='cuda:0', grad_fn=<UnbindBackward0>)","tensor(2.2047, device='cuda:0', grad_fn=<UnbindBackward0>)"
"tensor(-0.8467, device='cuda:0', grad_fn=<UnbindBackward0>)","tensor(-0.1405, device='cuda:0', grad_fn=<UnbindBackward0>)","tensor(1.4863, device='cuda:0', grad_fn=<UnbindBackward0>)"
"tensor(-1.2518, device='cuda:0', grad_fn=<UnbindBackward0>)","tensor(-0.3020, device='cuda:0', grad_fn=<UnbindBackward0>)","tensor(2.2041, device='cuda:0', grad_fn=<UnbindBackward0>)"
"tensor(-2.3956, device='cuda:0', grad_fn=<UnbindBackward0>)","tensor(-0.8449, device='cuda:0', grad_fn=<UnbindBackward0>)","tensor(3.5352, device='cuda:0', grad_fn=<UnbindBackward0>)"
"tensor(-1.0917, device='cuda:0', grad_fn=<UnbindBackward0>)","tensor(0.4797, device='cuda:0', grad_fn=<UnbindBackward0>)","tensor(0.8127, device='cuda:0', grad_fn=<UnbindBackward0>)"
"tensor(-0.3695, device='cuda:0', grad_fn=<UnbindBackward0>)","tensor(-1.9410, device='cuda:0', grad_fn=<UnbindBackward0>)","tensor(2.4916, device='cuda:0', grad_fn=<UnbindBackward0>)"
"tensor(1.6474, device='cuda:0', grad_fn=<UnbindBackward0>)","tensor(-1.5378, device='cuda:0', grad_fn=<UnbindBackward0>)","tensor(0.1524, device='cuda:0', grad_fn=<UnbindBackward0>)"
"tensor(-0.1611, device='cuda:0', grad_fn=<UnbindBackward0>)","tensor(-1.5185, device='cuda:0', grad_fn=<UnbindBackward0>)","tensor(2.0980, device='cuda:0', grad_fn=<UnbindBackward0>)"
"tensor(0.1348, device='cuda:0', grad_fn=<UnbindBackward0>)","tensor(-1.8987, device='cuda:0', grad_fn=<UnbindBackward0>)","tensor(2.0995, device='cuda:0', grad_fn=<UnbindBackward0>)"
"tensor(0.3218, device='cuda:0', grad_fn=<UnbindBackward0>)","tensor(-1.2754, device='cuda:0', grad_fn=<UnbindBackward0>)","tensor(0.9454, device='cuda:0', grad_fn=<UnbindBackward0>)"
"tensor(0.2943, device='cuda:0', grad_fn=<UnbindBackward0>)","tensor(-1.8742, device='cuda:0', grad_fn=<UnbindBackward0>)","tensor(2.2621, device='cuda:0', grad_fn=<UnbindBackward0>)"
"tensor(-0.8139, device='cuda:0', grad_fn=<UnbindBackward0>)","tensor(0.4211, device='cuda:0', grad_fn=<UnbindBackward0>)","tensor(0.8546, device='cuda:0', grad_fn=<UnbindBackward0>)"
"tensor(-4.3820, device='cuda:0', grad_fn=<UnbindBackward0>)","tensor(-0.1041, device='cuda:0', grad_fn=<UnbindBackward0>)","tensor(5.1339, device='cuda:0', grad_fn=<UnbindBackward0>)"
"tensor(-1.3534, device='cuda:0', grad_fn=<UnbindBackward0>)","tensor(-2.0736, device='cuda:0', grad_fn=<UnbindBackward0>)","tensor(3.4824, device='cuda:0', grad_fn=<UnbindBackward0>)"
"tensor(-1.0619, device='cuda:0', grad_fn=<UnbindBackward0>)","tensor(-0.5382, device='cuda:0', grad_fn=<UnbindBackward0>)","tensor(2.8303, device='cuda:0', grad_fn=<UnbindBackward0>)"
"tensor(-0.5854, device='cuda:0', grad_fn=<UnbindBackward0>)","tensor(-0.4724, device='cuda:0', grad_fn=<UnbindBackward0>)","tensor(1.3294, device='cuda:0', grad_fn=<UnbindBackward0>)"
"tensor(0.8749, device='cuda:0', grad_fn=<UnbindBackward0>)","tensor(-0.2351, device='cuda:0', grad_fn=<UnbindBackward0>)","tensor(-0.2141, device='cuda:0', grad_fn=<UnbindBackward0>)"
