"tensor(9.8359, device='cuda:0', grad_fn=<UnbindBackward0>)","tensor(-7.9458, device='cuda:0', grad_fn=<UnbindBackward0>)","tensor(-2.0583, device='cuda:0', grad_fn=<UnbindBackward0>)"
"tensor(10.9492, device='cuda:0', grad_fn=<UnbindBackward0>)","tensor(-4.2004, device='cuda:0', grad_fn=<UnbindBackward0>)","tensor(-6.1196, device='cuda:0', grad_fn=<UnbindBackward0>)"
"tensor(7.9613, device='cuda:0', grad_fn=<UnbindBackward0>)","tensor(-2.9473, device='cuda:0', grad_fn=<UnbindBackward0>)","tensor(-4.4246, device='cuda:0', grad_fn=<UnbindBackward0>)"
"tensor(5.5610, device='cuda:0', grad_fn=<UnbindBackward0>)","tensor(-5.3249, device='cuda:0', grad_fn=<UnbindBackward0>)","tensor(-0.2181, device='cuda:0', grad_fn=<UnbindBackward0>)"
"tensor(14.9308, device='cuda:0', grad_fn=<UnbindBackward0>)","tensor(-7.6428, device='cuda:0', grad_fn=<UnbindBackward0>)","tensor(-7.0057, device='cuda:0', grad_fn=<UnbindBackward0>)"
"tensor(1.1942, device='cuda:0', grad_fn=<UnbindBackward0>)","tensor(-3.5870, device='cuda:0', grad_fn=<UnbindBackward0>)","tensor(2.4389, device='cuda:0', grad_fn=<UnbindBackward0>)"
"tensor(5.4854, device='cuda:0', grad_fn=<UnbindBackward0>)","tensor(-5.0929, device='cuda:0', grad_fn=<UnbindBackward0>)","tensor(-0.4400, device='cuda:0', grad_fn=<UnbindBackward0>)"
"tensor(5.3043, device='cuda:0', grad_fn=<UnbindBackward0>)","tensor(-6.5336, device='cuda:0', grad_fn=<UnbindBackward0>)","tensor(0.4823, device='cuda:0', grad_fn=<UnbindBackward0>)"
"tensor(3.6051, device='cuda:0', grad_fn=<UnbindBackward0>)","tensor(-2.5408, device='cuda:0', grad_fn=<UnbindBackward0>)","tensor(-0.6297, device='cuda:0', grad_fn=<UnbindBackward0>)"
"tensor(0.0662, device='cuda:0', grad_fn=<UnbindBackward0>)","tensor(-4.0019, device='cuda:0', grad_fn=<UnbindBackward0>)","tensor(3.8600, device='cuda:0', grad_fn=<UnbindBackward0>)"
"tensor(7.4578, device='cuda:0', grad_fn=<UnbindBackward0>)","tensor(-3.1203, device='cuda:0', grad_fn=<UnbindBackward0>)","tensor(-4.5154, device='cuda:0', grad_fn=<UnbindBackward0>)"
"tensor(8.6882, device='cuda:0', grad_fn=<UnbindBackward0>)","tensor(-3.8944, device='cuda:0', grad_fn=<UnbindBackward0>)","tensor(-4.7404, device='cuda:0', grad_fn=<UnbindBackward0>)"
"tensor(4.1208, device='cuda:0', grad_fn=<UnbindBackward0>)","tensor(-5.2703, device='cuda:0', grad_fn=<UnbindBackward0>)","tensor(0.7941, device='cuda:0', grad_fn=<UnbindBackward0>)"
"tensor(4.3768, device='cuda:0', grad_fn=<UnbindBackward0>)","tensor(-2.8176, device='cuda:0', grad_fn=<UnbindBackward0>)","tensor(-1.4820, device='cuda:0', grad_fn=<UnbindBackward0>)"
"tensor(5.9914, device='cuda:0', grad_fn=<UnbindBackward0>)","tensor(-6.5940, device='cuda:0', grad_fn=<UnbindBackward0>)","tensor(0.3687, device='cuda:0', grad_fn=<UnbindBackward0>)"
"tensor(5.3481, device='cuda:0', grad_fn=<UnbindBackward0>)","tensor(-3.9994, device='cuda:0', grad_fn=<UnbindBackward0>)","tensor(-1.5221, device='cuda:0', grad_fn=<UnbindBackward0>)"
"tensor(7.1925, device='cuda:0', grad_fn=<UnbindBackward0>)","tensor(-0.8777, device='cuda:0', grad_fn=<UnbindBackward0>)","tensor(-6.3783, device='cuda:0', grad_fn=<UnbindBackward0>)"
"tensor(7.3998, device='cuda:0', grad_fn=<UnbindBackward0>)","tensor(-4.9655, device='cuda:0', grad_fn=<UnbindBackward0>)","tensor(-2.6779, device='cuda:0', grad_fn=<UnbindBackward0>)"
"tensor(3.4723, device='cuda:0', grad_fn=<UnbindBackward0>)","tensor(-2.3578, device='cuda:0', grad_fn=<UnbindBackward0>)","tensor(-0.9651, device='cuda:0', grad_fn=<UnbindBackward0>)"
"tensor(3.7949, device='cuda:0', grad_fn=<UnbindBackward0>)","tensor(-6.9446, device='cuda:0', grad_fn=<UnbindBackward0>)","tensor(3.0131, device='cuda:0', grad_fn=<UnbindBackward0>)"
"tensor(3.7066, device='cuda:0', grad_fn=<UnbindBackward0>)","tensor(-5.9269, device='cuda:0', grad_fn=<UnbindBackward0>)","tensor(2.1672, device='cuda:0', grad_fn=<UnbindBackward0>)"
"tensor(1.5850, device='cuda:0', grad_fn=<UnbindBackward0>)","tensor(-0.3038, device='cuda:0', grad_fn=<UnbindBackward0>)","tensor(-1.2805, device='cuda:0', grad_fn=<UnbindBackward0>)"
"tensor(4.1628, device='cuda:0', grad_fn=<UnbindBackward0>)","tensor(-2.6982, device='cuda:0', grad_fn=<UnbindBackward0>)","tensor(-1.6360, device='cuda:0', grad_fn=<UnbindBackward0>)"
"tensor(8.1915, device='cuda:0', grad_fn=<UnbindBackward0>)","tensor(-6.7385, device='cuda:0', grad_fn=<UnbindBackward0>)","tensor(-2.1561, device='cuda:0', grad_fn=<UnbindBackward0>)"
"tensor(5.2835, device='cuda:0', grad_fn=<UnbindBackward0>)","tensor(-4.1904, device='cuda:0', grad_fn=<UnbindBackward0>)","tensor(-0.8858, device='cuda:0', grad_fn=<UnbindBackward0>)"
"tensor(2.3651, device='cuda:0', grad_fn=<UnbindBackward0>)","tensor(-4.7619, device='cuda:0', grad_fn=<UnbindBackward0>)","tensor(2.3779, device='cuda:0', grad_fn=<UnbindBackward0>)"
"tensor(3.2413, device='cuda:0', grad_fn=<UnbindBackward0>)","tensor(-1.1526, device='cuda:0', grad_fn=<UnbindBackward0>)","tensor(-1.5138, device='cuda:0', grad_fn=<UnbindBackward0>)"
"tensor(5.1427, device='cuda:0', grad_fn=<UnbindBackward0>)","tensor(-1.6176, device='cuda:0', grad_fn=<UnbindBackward0>)","tensor(-3.4212, device='cuda:0', grad_fn=<UnbindBackward0>)"
"tensor(6.3651, device='cuda:0', grad_fn=<UnbindBackward0>)","tensor(-5.5208, device='cuda:0', grad_fn=<UnbindBackward0>)","tensor(-1.0077, device='cuda:0', grad_fn=<UnbindBackward0>)"
"tensor(6.8760, device='cuda:0', grad_fn=<UnbindBackward0>)","tensor(-4.8632, device='cuda:0', grad_fn=<UnbindBackward0>)","tensor(-1.9774, device='cuda:0', grad_fn=<UnbindBackward0>)"
"tensor(6.8006, device='cuda:0', grad_fn=<UnbindBackward0>)","tensor(-3.0237, device='cuda:0', grad_fn=<UnbindBackward0>)","tensor(-3.8491, device='cuda:0', grad_fn=<UnbindBackward0>)"
"tensor(6.2382, device='cuda:0', grad_fn=<UnbindBackward0>)","tensor(-6.5442, device='cuda:0', grad_fn=<UnbindBackward0>)","tensor(0.1255, device='cuda:0', grad_fn=<UnbindBackward0>)"
"tensor(2.4266, device='cuda:0', grad_fn=<UnbindBackward0>)","tensor(1.2373, device='cuda:0', grad_fn=<UnbindBackward0>)","tensor(-3.2530, device='cuda:0', grad_fn=<UnbindBackward0>)"
"tensor(3.0438, device='cuda:0', grad_fn=<UnbindBackward0>)","tensor(-1.3625, device='cuda:0', grad_fn=<UnbindBackward0>)","tensor(-1.6558, device='cuda:0', grad_fn=<UnbindBackward0>)"
"tensor(5.4302, device='cuda:0', grad_fn=<UnbindBackward0>)","tensor(-4.3332, device='cuda:0', grad_fn=<UnbindBackward0>)","tensor(-1.2930, device='cuda:0', grad_fn=<UnbindBackward0>)"
"tensor(2.4899, device='cuda:0', grad_fn=<UnbindBackward0>)","tensor(-1.9174, device='cuda:0', grad_fn=<UnbindBackward0>)","tensor(-0.3967, device='cuda:0', grad_fn=<UnbindBackward0>)"
"tensor(5.5259, device='cuda:0', grad_fn=<UnbindBackward0>)","tensor(-4.8737, device='cuda:0', grad_fn=<UnbindBackward0>)","tensor(-0.4567, device='cuda:0', grad_fn=<UnbindBackward0>)"
"tensor(3.5846, device='cuda:0', grad_fn=<UnbindBackward0>)","tensor(-2.7850, device='cuda:0', grad_fn=<UnbindBackward0>)","tensor(-0.3804, device='cuda:0', grad_fn=<UnbindBackward0>)"
"tensor(-5.4638, device='cuda:0', grad_fn=<UnbindBackward0>)","tensor(-0.3544, device='cuda:0', grad_fn=<UnbindBackward0>)","tensor(6.0302, device='cuda:0', grad_fn=<UnbindBackward0>)"
"tensor(1.6464, device='cuda:0', grad_fn=<UnbindBackward0>)","tensor(-1.6937, device='cuda:0', grad_fn=<UnbindBackward0>)","tensor(0.0561, device='cuda:0', grad_fn=<UnbindBackward0>)"
"tensor(8.8387, device='cuda:0', grad_fn=<UnbindBackward0>)","tensor(-11.0124, device='cuda:0', grad_fn=<UnbindBackward0>)","tensor(2.3512, device='cuda:0', grad_fn=<UnbindBackward0>)"
"tensor(7.4373, device='cuda:0', grad_fn=<UnbindBackward0>)","tensor(-7.4781, device='cuda:0', grad_fn=<UnbindBackward0>)","tensor(0.1785, device='cuda:0', grad_fn=<UnbindBackward0>)"
"tensor(1.9769, device='cuda:0', grad_fn=<UnbindBackward0>)","tensor(-1.8466, device='cuda:0', grad_fn=<UnbindBackward0>)","tensor(-0.0089, device='cuda:0', grad_fn=<UnbindBackward0>)"
"tensor(4.5425, device='cuda:0', grad_fn=<UnbindBackward0>)","tensor(-2.7001, device='cuda:0', grad_fn=<UnbindBackward0>)","tensor(-1.8816, device='cuda:0', grad_fn=<UnbindBackward0>)"
"tensor(6.3899, device='cuda:0', grad_fn=<UnbindBackward0>)","tensor(-0.2762, device='cuda:0', grad_fn=<UnbindBackward0>)","tensor(-6.0998, device='cuda:0', grad_fn=<UnbindBackward0>)"
"tensor(5.5359, device='cuda:0', grad_fn=<UnbindBackward0>)","tensor(-4.6740, device='cuda:0', grad_fn=<UnbindBackward0>)","tensor(-0.5996, device='cuda:0', grad_fn=<UnbindBackward0>)"
"tensor(6.6373, device='cuda:0', grad_fn=<UnbindBackward0>)","tensor(-2.7798, device='cuda:0', grad_fn=<UnbindBackward0>)","tensor(-3.8436, device='cuda:0', grad_fn=<UnbindBackward0>)"
"tensor(7.3536, device='cuda:0', grad_fn=<UnbindBackward0>)","tensor(-3.3242, device='cuda:0', grad_fn=<UnbindBackward0>)","tensor(-3.9327, device='cuda:0', grad_fn=<UnbindBackward0>)"
"tensor(4.0733, device='cuda:0', grad_fn=<UnbindBackward0>)","tensor(-3.6382, device='cuda:0', grad_fn=<UnbindBackward0>)","tensor(-0.3008, device='cuda:0', grad_fn=<UnbindBackward0>)"
"tensor(4.9821, device='cuda:0', grad_fn=<UnbindBackward0>)","tensor(-5.3797, device='cuda:0', grad_fn=<UnbindBackward0>)","tensor(0.4369, device='cuda:0', grad_fn=<UnbindBackward0>)"
"tensor(9.7616, device='cuda:0', grad_fn=<UnbindBackward0>)","tensor(-7.3843, device='cuda:0', grad_fn=<UnbindBackward0>)","tensor(-2.4811, device='cuda:0', grad_fn=<UnbindBackward0>)"
"tensor(4.6610, device='cuda:0', grad_fn=<UnbindBackward0>)","tensor(-2.1580, device='cuda:0', grad_fn=<UnbindBackward0>)","tensor(-1.9358, device='cuda:0', grad_fn=<UnbindBackward0>)"
"tensor(5.7896, device='cuda:0', grad_fn=<UnbindBackward0>)","tensor(-1.3263, device='cuda:0', grad_fn=<UnbindBackward0>)","tensor(-3.9593, device='cuda:0', grad_fn=<UnbindBackward0>)"
"tensor(4.8518, device='cuda:0', grad_fn=<UnbindBackward0>)","tensor(-1.8096, device='cuda:0', grad_fn=<UnbindBackward0>)","tensor(-2.8171, device='cuda:0', grad_fn=<UnbindBackward0>)"
"tensor(4.9861, device='cuda:0', grad_fn=<UnbindBackward0>)","tensor(-1.2762, device='cuda:0', grad_fn=<UnbindBackward0>)","tensor(-3.6902, device='cuda:0', grad_fn=<UnbindBackward0>)"
"tensor(-4.0044, device='cuda:0', grad_fn=<UnbindBackward0>)","tensor(5.3050, device='cuda:0', grad_fn=<UnbindBackward0>)","tensor(-0.4956, device='cuda:0', grad_fn=<UnbindBackward0>)"
"tensor(5.6040, device='cuda:0', grad_fn=<UnbindBackward0>)","tensor(-5.6347, device='cuda:0', grad_fn=<UnbindBackward0>)","tensor(-0.1407, device='cuda:0', grad_fn=<UnbindBackward0>)"
"tensor(6.1866, device='cuda:0', grad_fn=<UnbindBackward0>)","tensor(-3.4704, device='cuda:0', grad_fn=<UnbindBackward0>)","tensor(-3.2441, device='cuda:0', grad_fn=<UnbindBackward0>)"
"tensor(4.5583, device='cuda:0', grad_fn=<UnbindBackward0>)","tensor(-1.1959, device='cuda:0', grad_fn=<UnbindBackward0>)","tensor(-3.0291, device='cuda:0', grad_fn=<UnbindBackward0>)"
"tensor(6.9396, device='cuda:0', grad_fn=<UnbindBackward0>)","tensor(-3.5510, device='cuda:0', grad_fn=<UnbindBackward0>)","tensor(-3.3515, device='cuda:0', grad_fn=<UnbindBackward0>)"
"tensor(21.0051, device='cuda:0', grad_fn=<UnbindBackward0>)","tensor(-9.4382, device='cuda:0', grad_fn=<UnbindBackward0>)","tensor(-11.1737, device='cuda:0', grad_fn=<UnbindBackward0>)"
"tensor(12.2076, device='cuda:0', grad_fn=<UnbindBackward0>)","tensor(-10.2805, device='cuda:0', grad_fn=<UnbindBackward0>)","tensor(-2.4936, device='cuda:0', grad_fn=<UnbindBackward0>)"
"tensor(4.9106, device='cuda:0', grad_fn=<UnbindBackward0>)","tensor(-4.0838, device='cuda:0', grad_fn=<UnbindBackward0>)","tensor(-0.8538, device='cuda:0', grad_fn=<UnbindBackward0>)"
"tensor(2.6927, device='cuda:0', grad_fn=<UnbindBackward0>)","tensor(-3.8258, device='cuda:0', grad_fn=<UnbindBackward0>)","tensor(0.9359, device='cuda:0', grad_fn=<UnbindBackward0>)"
"tensor(4.6406, device='cuda:0', grad_fn=<UnbindBackward0>)","tensor(0.2328, device='cuda:0', grad_fn=<UnbindBackward0>)","tensor(-4.8920, device='cuda:0', grad_fn=<UnbindBackward0>)"
"tensor(2.0812, device='cuda:0', grad_fn=<UnbindBackward0>)","tensor(-2.4393, device='cuda:0', grad_fn=<UnbindBackward0>)","tensor(0.4697, device='cuda:0', grad_fn=<UnbindBackward0>)"
"tensor(2.7969, device='cuda:0', grad_fn=<UnbindBackward0>)","tensor(-3.1988, device='cuda:0', grad_fn=<UnbindBackward0>)","tensor(0.4164, device='cuda:0', grad_fn=<UnbindBackward0>)"
"tensor(8.5230, device='cuda:0', grad_fn=<UnbindBackward0>)","tensor(-6.0377, device='cuda:0', grad_fn=<UnbindBackward0>)","tensor(-1.3841, device='cuda:0', grad_fn=<UnbindBackward0>)"
"tensor(5.3787, device='cuda:0', grad_fn=<UnbindBackward0>)","tensor(-5.4303, device='cuda:0', grad_fn=<UnbindBackward0>)","tensor(0.2350, device='cuda:0', grad_fn=<UnbindBackward0>)"
"tensor(9.2124, device='cuda:0', grad_fn=<UnbindBackward0>)","tensor(-3.8864, device='cuda:0', grad_fn=<UnbindBackward0>)","tensor(-5.9714, device='cuda:0', grad_fn=<UnbindBackward0>)"
"tensor(7.6710, device='cuda:0', grad_fn=<UnbindBackward0>)","tensor(-2.3853, device='cuda:0', grad_fn=<UnbindBackward0>)","tensor(-5.0005, device='cuda:0', grad_fn=<UnbindBackward0>)"
"tensor(5.8610, device='cuda:0', grad_fn=<UnbindBackward0>)","tensor(-5.5968, device='cuda:0', grad_fn=<UnbindBackward0>)","tensor(-0.0473, device='cuda:0', grad_fn=<UnbindBackward0>)"
"tensor(1.3930, device='cuda:0', grad_fn=<UnbindBackward0>)","tensor(-2.7090, device='cuda:0', grad_fn=<UnbindBackward0>)","tensor(1.3660, device='cuda:0', grad_fn=<UnbindBackward0>)"
"tensor(6.6126, device='cuda:0', grad_fn=<UnbindBackward0>)","tensor(-6.0700, device='cuda:0', grad_fn=<UnbindBackward0>)","tensor(-0.7270, device='cuda:0', grad_fn=<UnbindBackward0>)"
"tensor(-0.1671, device='cuda:0', grad_fn=<UnbindBackward0>)","tensor(-4.1547, device='cuda:0', grad_fn=<UnbindBackward0>)","tensor(4.1662, device='cuda:0', grad_fn=<UnbindBackward0>)"
"tensor(2.2706, device='cuda:0', grad_fn=<UnbindBackward0>)","tensor(-4.1367, device='cuda:0', grad_fn=<UnbindBackward0>)","tensor(1.7995, device='cuda:0', grad_fn=<UnbindBackward0>)"
"tensor(3.9865, device='cuda:0', grad_fn=<UnbindBackward0>)","tensor(-2.0860, device='cuda:0', grad_fn=<UnbindBackward0>)","tensor(-1.5851, device='cuda:0', grad_fn=<UnbindBackward0>)"
"tensor(6.4425, device='cuda:0', grad_fn=<UnbindBackward0>)","tensor(-3.3600, device='cuda:0', grad_fn=<UnbindBackward0>)","tensor(-3.1988, device='cuda:0', grad_fn=<UnbindBackward0>)"
"tensor(3.8499, device='cuda:0', grad_fn=<UnbindBackward0>)","tensor(-3.5130, device='cuda:0', grad_fn=<UnbindBackward0>)","tensor(-0.1957, device='cuda:0', grad_fn=<UnbindBackward0>)"
"tensor(0.9866, device='cuda:0', grad_fn=<UnbindBackward0>)","tensor(-0.6784, device='cuda:0', grad_fn=<UnbindBackward0>)","tensor(0.0586, device='cuda:0', grad_fn=<UnbindBackward0>)"
"tensor(7.0294, device='cuda:0', grad_fn=<UnbindBackward0>)","tensor(-4.5491, device='cuda:0', grad_fn=<UnbindBackward0>)","tensor(-2.4512, device='cuda:0', grad_fn=<UnbindBackward0>)"
"tensor(6.3932, device='cuda:0', grad_fn=<UnbindBackward0>)","tensor(-5.6893, device='cuda:0', grad_fn=<UnbindBackward0>)","tensor(-0.5138, device='cuda:0', grad_fn=<UnbindBackward0>)"
"tensor(3.5482, device='cuda:0', grad_fn=<UnbindBackward0>)","tensor(-5.7613, device='cuda:0', grad_fn=<UnbindBackward0>)","tensor(2.1568, device='cuda:0', grad_fn=<UnbindBackward0>)"
"tensor(4.9538, device='cuda:0', grad_fn=<UnbindBackward0>)","tensor(-4.0356, device='cuda:0', grad_fn=<UnbindBackward0>)","tensor(-0.8238, device='cuda:0', grad_fn=<UnbindBackward0>)"
"tensor(-0.2782, device='cuda:0', grad_fn=<UnbindBackward0>)","tensor(-1.9372, device='cuda:0', grad_fn=<UnbindBackward0>)","tensor(2.6340, device='cuda:0', grad_fn=<UnbindBackward0>)"
"tensor(5.6180, device='cuda:0', grad_fn=<UnbindBackward0>)","tensor(-5.8240, device='cuda:0', grad_fn=<UnbindBackward0>)","tensor(0.5565, device='cuda:0', grad_fn=<UnbindBackward0>)"
"tensor(8.2258, device='cuda:0', grad_fn=<UnbindBackward0>)","tensor(-0.5354, device='cuda:0', grad_fn=<UnbindBackward0>)","tensor(-7.2091, device='cuda:0', grad_fn=<UnbindBackward0>)"
"tensor(6.0989, device='cuda:0', grad_fn=<UnbindBackward0>)","tensor(-5.6285, device='cuda:0', grad_fn=<UnbindBackward0>)","tensor(-0.5436, device='cuda:0', grad_fn=<UnbindBackward0>)"
"tensor(7.9775, device='cuda:0', grad_fn=<UnbindBackward0>)","tensor(-5.2337, device='cuda:0', grad_fn=<UnbindBackward0>)","tensor(-2.8058, device='cuda:0', grad_fn=<UnbindBackward0>)"
"tensor(11.3934, device='cuda:0', grad_fn=<UnbindBackward0>)","tensor(-10.1719, device='cuda:0', grad_fn=<UnbindBackward0>)","tensor(-2.0520, device='cuda:0', grad_fn=<UnbindBackward0>)"
"tensor(9.2568, device='cuda:0', grad_fn=<UnbindBackward0>)","tensor(-5.2296, device='cuda:0', grad_fn=<UnbindBackward0>)","tensor(-3.7751, device='cuda:0', grad_fn=<UnbindBackward0>)"
"tensor(8.9621, device='cuda:0', grad_fn=<UnbindBackward0>)","tensor(-4.8862, device='cuda:0', grad_fn=<UnbindBackward0>)","tensor(-3.8479, device='cuda:0', grad_fn=<UnbindBackward0>)"
"tensor(3.0507, device='cuda:0', grad_fn=<UnbindBackward0>)","tensor(-4.3603, device='cuda:0', grad_fn=<UnbindBackward0>)","tensor(1.1372, device='cuda:0', grad_fn=<UnbindBackward0>)"
"tensor(8.7388, device='cuda:0', grad_fn=<UnbindBackward0>)","tensor(-3.9507, device='cuda:0', grad_fn=<UnbindBackward0>)","tensor(-4.4330, device='cuda:0', grad_fn=<UnbindBackward0>)"
"tensor(-1.2276, device='cuda:0', grad_fn=<UnbindBackward0>)","tensor(6.9234, device='cuda:0', grad_fn=<UnbindBackward0>)","tensor(-4.6039, device='cuda:0', grad_fn=<UnbindBackward0>)"
"tensor(9.7187, device='cuda:0', grad_fn=<UnbindBackward0>)","tensor(-7.1123, device='cuda:0', grad_fn=<UnbindBackward0>)","tensor(-2.6763, device='cuda:0', grad_fn=<UnbindBackward0>)"
"tensor(0.3301, device='cuda:0', grad_fn=<UnbindBackward0>)","tensor(-3.9334, device='cuda:0', grad_fn=<UnbindBackward0>)","tensor(3.6328, device='cuda:0', grad_fn=<UnbindBackward0>)"
"tensor(5.9950, device='cuda:0', grad_fn=<UnbindBackward0>)","tensor(-4.2335, device='cuda:0', grad_fn=<UnbindBackward0>)","tensor(-1.8763, device='cuda:0', grad_fn=<UnbindBackward0>)"
"tensor(7.0930, device='cuda:0', grad_fn=<UnbindBackward0>)","tensor(-0.9961, device='cuda:0', grad_fn=<UnbindBackward0>)","tensor(-5.4607, device='cuda:0', grad_fn=<UnbindBackward0>)"
"tensor(6.8141, device='cuda:0', grad_fn=<UnbindBackward0>)","tensor(-4.4193, device='cuda:0', grad_fn=<UnbindBackward0>)","tensor(-2.2548, device='cuda:0', grad_fn=<UnbindBackward0>)"
"tensor(2.6505, device='cuda:0', grad_fn=<UnbindBackward0>)","tensor(-3.2702, device='cuda:0', grad_fn=<UnbindBackward0>)","tensor(0.7394, device='cuda:0', grad_fn=<UnbindBackward0>)"
"tensor(5.7869, device='cuda:0', grad_fn=<UnbindBackward0>)","tensor(-5.4236, device='cuda:0', grad_fn=<UnbindBackward0>)","tensor(-0.8897, device='cuda:0', grad_fn=<UnbindBackward0>)"
"tensor(9.3393, device='cuda:0', grad_fn=<UnbindBackward0>)","tensor(-6.5199, device='cuda:0', grad_fn=<UnbindBackward0>)","tensor(-2.7343, device='cuda:0', grad_fn=<UnbindBackward0>)"
"tensor(5.6214, device='cuda:0', grad_fn=<UnbindBackward0>)","tensor(-0.7677, device='cuda:0', grad_fn=<UnbindBackward0>)","tensor(-4.6099, device='cuda:0', grad_fn=<UnbindBackward0>)"
"tensor(2.9056, device='cuda:0', grad_fn=<UnbindBackward0>)","tensor(-0.9141, device='cuda:0', grad_fn=<UnbindBackward0>)","tensor(-1.7256, device='cuda:0', grad_fn=<UnbindBackward0>)"
"tensor(4.8515, device='cuda:0', grad_fn=<UnbindBackward0>)","tensor(-3.0603, device='cuda:0', grad_fn=<UnbindBackward0>)","tensor(-1.6581, device='cuda:0', grad_fn=<UnbindBackward0>)"
"tensor(6.6122, device='cuda:0', grad_fn=<UnbindBackward0>)","tensor(-1.1780, device='cuda:0', grad_fn=<UnbindBackward0>)","tensor(-5.2673, device='cuda:0', grad_fn=<UnbindBackward0>)"
"tensor(-2.9276, device='cuda:0', grad_fn=<UnbindBackward0>)","tensor(3.1273, device='cuda:0', grad_fn=<UnbindBackward0>)","tensor(0.3834, device='cuda:0', grad_fn=<UnbindBackward0>)"
"tensor(0.0220, device='cuda:0', grad_fn=<UnbindBackward0>)","tensor(2.4192, device='cuda:0', grad_fn=<UnbindBackward0>)","tensor(-1.9738, device='cuda:0', grad_fn=<UnbindBackward0>)"
"tensor(-4.1892, device='cuda:0', grad_fn=<UnbindBackward0>)","tensor(4.3702, device='cuda:0', grad_fn=<UnbindBackward0>)","tensor(0.4595, device='cuda:0', grad_fn=<UnbindBackward0>)"
"tensor(-1.6175, device='cuda:0', grad_fn=<UnbindBackward0>)","tensor(3.1577, device='cuda:0', grad_fn=<UnbindBackward0>)","tensor(-1.1772, device='cuda:0', grad_fn=<UnbindBackward0>)"
"tensor(-2.2027, device='cuda:0', grad_fn=<UnbindBackward0>)","tensor(3.0660, device='cuda:0', grad_fn=<UnbindBackward0>)","tensor(-0.4947, device='cuda:0', grad_fn=<UnbindBackward0>)"
"tensor(-2.1566, device='cuda:0', grad_fn=<UnbindBackward0>)","tensor(1.3545, device='cuda:0', grad_fn=<UnbindBackward0>)","tensor(1.0649, device='cuda:0', grad_fn=<UnbindBackward0>)"
"tensor(-1.2007, device='cuda:0', grad_fn=<UnbindBackward0>)","tensor(0.5025, device='cuda:0', grad_fn=<UnbindBackward0>)","tensor(1.4413, device='cuda:0', grad_fn=<UnbindBackward0>)"
"tensor(-2.2701, device='cuda:0', grad_fn=<UnbindBackward0>)","tensor(7.0076, device='cuda:0', grad_fn=<UnbindBackward0>)","tensor(-3.5774, device='cuda:0', grad_fn=<UnbindBackward0>)"
"tensor(-3.5116, device='cuda:0', grad_fn=<UnbindBackward0>)","tensor(0.0727, device='cuda:0', grad_fn=<UnbindBackward0>)","tensor(3.5039, device='cuda:0', grad_fn=<UnbindBackward0>)"
"tensor(-0.5125, device='cuda:0', grad_fn=<UnbindBackward0>)","tensor(-5.3701, device='cuda:0', grad_fn=<UnbindBackward0>)","tensor(5.4230, device='cuda:0', grad_fn=<UnbindBackward0>)"
"tensor(-3.1253, device='cuda:0', grad_fn=<UnbindBackward0>)","tensor(5.2998, device='cuda:0', grad_fn=<UnbindBackward0>)","tensor(-1.1237, device='cuda:0', grad_fn=<UnbindBackward0>)"
"tensor(0.9271, device='cuda:0', grad_fn=<UnbindBackward0>)","tensor(-2.5857, device='cuda:0', grad_fn=<UnbindBackward0>)","tensor(1.9293, device='cuda:0', grad_fn=<UnbindBackward0>)"
"tensor(-1.9594, device='cuda:0', grad_fn=<UnbindBackward0>)","tensor(4.8501, device='cuda:0', grad_fn=<UnbindBackward0>)","tensor(-2.2671, device='cuda:0', grad_fn=<UnbindBackward0>)"
"tensor(-6.6405, device='cuda:0', grad_fn=<UnbindBackward0>)","tensor(8.6061, device='cuda:0', grad_fn=<UnbindBackward0>)","tensor(-0.7481, device='cuda:0', grad_fn=<UnbindBackward0>)"
"tensor(0.0379, device='cuda:0', grad_fn=<UnbindBackward0>)","tensor(-6.2092, device='cuda:0', grad_fn=<UnbindBackward0>)","tensor(5.8983, device='cuda:0', grad_fn=<UnbindBackward0>)"
"tensor(-0.1598, device='cuda:0', grad_fn=<UnbindBackward0>)","tensor(-4.0274, device='cuda:0', grad_fn=<UnbindBackward0>)","tensor(4.7308, device='cuda:0', grad_fn=<UnbindBackward0>)"
"tensor(-2.2907, device='cuda:0', grad_fn=<UnbindBackward0>)","tensor(-4.0346, device='cuda:0', grad_fn=<UnbindBackward0>)","tensor(7.0194, device='cuda:0', grad_fn=<UnbindBackward0>)"
"tensor(-1.0046, device='cuda:0', grad_fn=<UnbindBackward0>)","tensor(-4.5319, device='cuda:0', grad_fn=<UnbindBackward0>)","tensor(5.2846, device='cuda:0', grad_fn=<UnbindBackward0>)"
"tensor(-1.5949, device='cuda:0', grad_fn=<UnbindBackward0>)","tensor(-1.1796, device='cuda:0', grad_fn=<UnbindBackward0>)","tensor(2.6399, device='cuda:0', grad_fn=<UnbindBackward0>)"
"tensor(0.5077, device='cuda:0', grad_fn=<UnbindBackward0>)","tensor(-3.3236, device='cuda:0', grad_fn=<UnbindBackward0>)","tensor(2.8203, device='cuda:0', grad_fn=<UnbindBackward0>)"
"tensor(-2.4198, device='cuda:0', grad_fn=<UnbindBackward0>)","tensor(6.5257, device='cuda:0', grad_fn=<UnbindBackward0>)","tensor(-3.8706, device='cuda:0', grad_fn=<UnbindBackward0>)"
"tensor(-3.5991, device='cuda:0', grad_fn=<UnbindBackward0>)","tensor(1.4082, device='cuda:0', grad_fn=<UnbindBackward0>)","tensor(2.7789, device='cuda:0', grad_fn=<UnbindBackward0>)"
"tensor(-0.3180, device='cuda:0', grad_fn=<UnbindBackward0>)","tensor(3.0978, device='cuda:0', grad_fn=<UnbindBackward0>)","tensor(-2.0884, device='cuda:0', grad_fn=<UnbindBackward0>)"
"tensor(-0.1062, device='cuda:0', grad_fn=<UnbindBackward0>)","tensor(-0.4597, device='cuda:0', grad_fn=<UnbindBackward0>)","tensor(0.6854, device='cuda:0', grad_fn=<UnbindBackward0>)"
"tensor(-0.0489, device='cuda:0', grad_fn=<UnbindBackward0>)","tensor(-3.4762, device='cuda:0', grad_fn=<UnbindBackward0>)","tensor(3.3585, device='cuda:0', grad_fn=<UnbindBackward0>)"
"tensor(-1.9138, device='cuda:0', grad_fn=<UnbindBackward0>)","tensor(5.1197, device='cuda:0', grad_fn=<UnbindBackward0>)","tensor(-2.1901, device='cuda:0', grad_fn=<UnbindBackward0>)"
"tensor(-2.1405, device='cuda:0', grad_fn=<UnbindBackward0>)","tensor(5.3756, device='cuda:0', grad_fn=<UnbindBackward0>)","tensor(-2.5527, device='cuda:0', grad_fn=<UnbindBackward0>)"
"tensor(-1.1325, device='cuda:0', grad_fn=<UnbindBackward0>)","tensor(-1.0323, device='cuda:0', grad_fn=<UnbindBackward0>)","tensor(2.0392, device='cuda:0', grad_fn=<UnbindBackward0>)"
"tensor(-1.6599, device='cuda:0', grad_fn=<UnbindBackward0>)","tensor(-4.0193, device='cuda:0', grad_fn=<UnbindBackward0>)","tensor(5.7126, device='cuda:0', grad_fn=<UnbindBackward0>)"
"tensor(-1.4735, device='cuda:0', grad_fn=<UnbindBackward0>)","tensor(-2.0125, device='cuda:0', grad_fn=<UnbindBackward0>)","tensor(3.4483, device='cuda:0', grad_fn=<UnbindBackward0>)"
"tensor(-5.0610, device='cuda:0', grad_fn=<UnbindBackward0>)","tensor(12.7299, device='cuda:0', grad_fn=<UnbindBackward0>)","tensor(-6.9620, device='cuda:0', grad_fn=<UnbindBackward0>)"
"tensor(-3.2131, device='cuda:0', grad_fn=<UnbindBackward0>)","tensor(6.3100, device='cuda:0', grad_fn=<UnbindBackward0>)","tensor(-2.1388, device='cuda:0', grad_fn=<UnbindBackward0>)"
"tensor(-0.9952, device='cuda:0', grad_fn=<UnbindBackward0>)","tensor(2.9613, device='cuda:0', grad_fn=<UnbindBackward0>)","tensor(-1.5383, device='cuda:0', grad_fn=<UnbindBackward0>)"
"tensor(-2.5435, device='cuda:0', grad_fn=<UnbindBackward0>)","tensor(8.1456, device='cuda:0', grad_fn=<UnbindBackward0>)","tensor(-4.1256, device='cuda:0', grad_fn=<UnbindBackward0>)"
"tensor(-3.4912, device='cuda:0', grad_fn=<UnbindBackward0>)","tensor(4.3097, device='cuda:0', grad_fn=<UnbindBackward0>)","tensor(0.1460, device='cuda:0', grad_fn=<UnbindBackward0>)"
"tensor(0.5450, device='cuda:0', grad_fn=<UnbindBackward0>)","tensor(6.5820, device='cuda:0', grad_fn=<UnbindBackward0>)","tensor(-6.2609, device='cuda:0', grad_fn=<UnbindBackward0>)"
"tensor(-0.2804, device='cuda:0', grad_fn=<UnbindBackward0>)","tensor(2.4891, device='cuda:0', grad_fn=<UnbindBackward0>)","tensor(-1.6225, device='cuda:0', grad_fn=<UnbindBackward0>)"
"tensor(-1.4999, device='cuda:0', grad_fn=<UnbindBackward0>)","tensor(3.9838, device='cuda:0', grad_fn=<UnbindBackward0>)","tensor(-1.7957, device='cuda:0', grad_fn=<UnbindBackward0>)"
"tensor(-2.1865, device='cuda:0', grad_fn=<UnbindBackward0>)","tensor(4.6546, device='cuda:0', grad_fn=<UnbindBackward0>)","tensor(-1.7889, device='cuda:0', grad_fn=<UnbindBackward0>)"
"tensor(-2.0619, device='cuda:0', grad_fn=<UnbindBackward0>)","tensor(4.4953, device='cuda:0', grad_fn=<UnbindBackward0>)","tensor(-1.7811, device='cuda:0', grad_fn=<UnbindBackward0>)"
"tensor(-0.0535, device='cuda:0', grad_fn=<UnbindBackward0>)","tensor(6.4995, device='cuda:0', grad_fn=<UnbindBackward0>)","tensor(-5.3883, device='cuda:0', grad_fn=<UnbindBackward0>)"
"tensor(-2.3242, device='cuda:0', grad_fn=<UnbindBackward0>)","tensor(5.5001, device='cuda:0', grad_fn=<UnbindBackward0>)","tensor(-2.1637, device='cuda:0', grad_fn=<UnbindBackward0>)"
"tensor(-4.4639, device='cuda:0', grad_fn=<UnbindBackward0>)","tensor(6.8034, device='cuda:0', grad_fn=<UnbindBackward0>)","tensor(-1.3906, device='cuda:0', grad_fn=<UnbindBackward0>)"
"tensor(-0.6140, device='cuda:0', grad_fn=<UnbindBackward0>)","tensor(2.7470, device='cuda:0', grad_fn=<UnbindBackward0>)","tensor(-1.3522, device='cuda:0', grad_fn=<UnbindBackward0>)"
"tensor(0.3295, device='cuda:0', grad_fn=<UnbindBackward0>)","tensor(-3.7088, device='cuda:0', grad_fn=<UnbindBackward0>)","tensor(3.4602, device='cuda:0', grad_fn=<UnbindBackward0>)"
"tensor(-0.9284, device='cuda:0', grad_fn=<UnbindBackward0>)","tensor(2.1272, device='cuda:0', grad_fn=<UnbindBackward0>)","tensor(-0.7501, device='cuda:0', grad_fn=<UnbindBackward0>)"
"tensor(-4.8943, device='cuda:0', grad_fn=<UnbindBackward0>)","tensor(-2.9645, device='cuda:0', grad_fn=<UnbindBackward0>)","tensor(8.2971, device='cuda:0', grad_fn=<UnbindBackward0>)"
"tensor(-2.4248, device='cuda:0', grad_fn=<UnbindBackward0>)","tensor(-8.7638, device='cuda:0', grad_fn=<UnbindBackward0>)","tensor(10.9092, device='cuda:0', grad_fn=<UnbindBackward0>)"
"tensor(-0.1601, device='cuda:0', grad_fn=<UnbindBackward0>)","tensor(-7.1821, device='cuda:0', grad_fn=<UnbindBackward0>)","tensor(7.3343, device='cuda:0', grad_fn=<UnbindBackward0>)"
"tensor(-3.7531, device='cuda:0', grad_fn=<UnbindBackward0>)","tensor(6.5565, device='cuda:0', grad_fn=<UnbindBackward0>)","tensor(-1.5529, device='cuda:0', grad_fn=<UnbindBackward0>)"
"tensor(2.7581, device='cuda:0', grad_fn=<UnbindBackward0>)","tensor(-6.0957, device='cuda:0', grad_fn=<UnbindBackward0>)","tensor(3.8189, device='cuda:0', grad_fn=<UnbindBackward0>)"
"tensor(-0.7012, device='cuda:0', grad_fn=<UnbindBackward0>)","tensor(-2.2193, device='cuda:0', grad_fn=<UnbindBackward0>)","tensor(3.0191, device='cuda:0', grad_fn=<UnbindBackward0>)"
"tensor(-9.4977, device='cuda:0', grad_fn=<UnbindBackward0>)","tensor(-19.1116, device='cuda:0', grad_fn=<UnbindBackward0>)","tensor(26.6030, device='cuda:0', grad_fn=<UnbindBackward0>)"
"tensor(-5.0073, device='cuda:0', grad_fn=<UnbindBackward0>)","tensor(6.5149, device='cuda:0', grad_fn=<UnbindBackward0>)","tensor(-0.3869, device='cuda:0', grad_fn=<UnbindBackward0>)"
"tensor(-4.1340, device='cuda:0', grad_fn=<UnbindBackward0>)","tensor(-1.9725, device='cuda:0', grad_fn=<UnbindBackward0>)","tensor(6.1922, device='cuda:0', grad_fn=<UnbindBackward0>)"
"tensor(-3.8474, device='cuda:0', grad_fn=<UnbindBackward0>)","tensor(5.8009, device='cuda:0', grad_fn=<UnbindBackward0>)","tensor(-1.4041, device='cuda:0', grad_fn=<UnbindBackward0>)"
"tensor(-2.1895, device='cuda:0', grad_fn=<UnbindBackward0>)","tensor(2.8326, device='cuda:0', grad_fn=<UnbindBackward0>)","tensor(0.0617, device='cuda:0', grad_fn=<UnbindBackward0>)"
"tensor(-1.4607, device='cuda:0', grad_fn=<UnbindBackward0>)","tensor(2.8487, device='cuda:0', grad_fn=<UnbindBackward0>)","tensor(-0.7419, device='cuda:0', grad_fn=<UnbindBackward0>)"
"tensor(-0.9886, device='cuda:0', grad_fn=<UnbindBackward0>)","tensor(4.0838, device='cuda:0', grad_fn=<UnbindBackward0>)","tensor(-2.3892, device='cuda:0', grad_fn=<UnbindBackward0>)"
"tensor(-1.9516, device='cuda:0', grad_fn=<UnbindBackward0>)","tensor(5.4174, device='cuda:0', grad_fn=<UnbindBackward0>)","tensor(-3.0849, device='cuda:0', grad_fn=<UnbindBackward0>)"
"tensor(-1.5014, device='cuda:0', grad_fn=<UnbindBackward0>)","tensor(-1.1594, device='cuda:0', grad_fn=<UnbindBackward0>)","tensor(2.5249, device='cuda:0', grad_fn=<UnbindBackward0>)"
"tensor(0.4920, device='cuda:0', grad_fn=<UnbindBackward0>)","tensor(6.0579, device='cuda:0', grad_fn=<UnbindBackward0>)","tensor(-5.7032, device='cuda:0', grad_fn=<UnbindBackward0>)"
"tensor(-3.5590, device='cuda:0', grad_fn=<UnbindBackward0>)","tensor(-0.5694, device='cuda:0', grad_fn=<UnbindBackward0>)","tensor(4.6711, device='cuda:0', grad_fn=<UnbindBackward0>)"
"tensor(-4.8814, device='cuda:0', grad_fn=<UnbindBackward0>)","tensor(7.2193, device='cuda:0', grad_fn=<UnbindBackward0>)","tensor(-1.1113, device='cuda:0', grad_fn=<UnbindBackward0>)"
"tensor(-1.4529, device='cuda:0', grad_fn=<UnbindBackward0>)","tensor(2.1794, device='cuda:0', grad_fn=<UnbindBackward0>)","tensor(-0.3189, device='cuda:0', grad_fn=<UnbindBackward0>)"
"tensor(0.0388, device='cuda:0', grad_fn=<UnbindBackward0>)","tensor(-4.8872, device='cuda:0', grad_fn=<UnbindBackward0>)","tensor(4.9586, device='cuda:0', grad_fn=<UnbindBackward0>)"
"tensor(-4.6603, device='cuda:0', grad_fn=<UnbindBackward0>)","tensor(-3.1872, device='cuda:0', grad_fn=<UnbindBackward0>)","tensor(10.1675, device='cuda:0', grad_fn=<UnbindBackward0>)"
"tensor(-0.3312, device='cuda:0', grad_fn=<UnbindBackward0>)","tensor(-4.6294, device='cuda:0', grad_fn=<UnbindBackward0>)","tensor(5.6435, device='cuda:0', grad_fn=<UnbindBackward0>)"
"tensor(-3.4917, device='cuda:0', grad_fn=<UnbindBackward0>)","tensor(-0.1347, device='cuda:0', grad_fn=<UnbindBackward0>)","tensor(3.7663, device='cuda:0', grad_fn=<UnbindBackward0>)"
"tensor(-3.5855, device='cuda:0', grad_fn=<UnbindBackward0>)","tensor(4.4867, device='cuda:0', grad_fn=<UnbindBackward0>)","tensor(-0.4115, device='cuda:0', grad_fn=<UnbindBackward0>)"
"tensor(-1.5880, device='cuda:0', grad_fn=<UnbindBackward0>)","tensor(1.4196, device='cuda:0', grad_fn=<UnbindBackward0>)","tensor(-0.2466, device='cuda:0', grad_fn=<UnbindBackward0>)"
"tensor(-4.0155, device='cuda:0', grad_fn=<UnbindBackward0>)","tensor(-2.6424, device='cuda:0', grad_fn=<UnbindBackward0>)","tensor(6.4845, device='cuda:0', grad_fn=<UnbindBackward0>)"
"tensor(2.6682, device='cuda:0', grad_fn=<UnbindBackward0>)","tensor(-8.1874, device='cuda:0', grad_fn=<UnbindBackward0>)","tensor(5.7397, device='cuda:0', grad_fn=<UnbindBackward0>)"
"tensor(-3.8345, device='cuda:0', grad_fn=<UnbindBackward0>)","tensor(12.1221, device='cuda:0', grad_fn=<UnbindBackward0>)","tensor(-6.1902, device='cuda:0', grad_fn=<UnbindBackward0>)"
"tensor(-1.3298, device='cuda:0', grad_fn=<UnbindBackward0>)","tensor(-6.7069, device='cuda:0', grad_fn=<UnbindBackward0>)","tensor(8.0083, device='cuda:0', grad_fn=<UnbindBackward0>)"
"tensor(-3.4792, device='cuda:0', grad_fn=<UnbindBackward0>)","tensor(5.1455, device='cuda:0', grad_fn=<UnbindBackward0>)","tensor(-1.1103, device='cuda:0', grad_fn=<UnbindBackward0>)"
"tensor(2.4526, device='cuda:0', grad_fn=<UnbindBackward0>)","tensor(-9.7200, device='cuda:0', grad_fn=<UnbindBackward0>)","tensor(7.3527, device='cuda:0', grad_fn=<UnbindBackward0>)"
"tensor(-0.7832, device='cuda:0', grad_fn=<UnbindBackward0>)","tensor(-4.0796, device='cuda:0', grad_fn=<UnbindBackward0>)","tensor(4.7894, device='cuda:0', grad_fn=<UnbindBackward0>)"
"tensor(1.6213, device='cuda:0', grad_fn=<UnbindBackward0>)","tensor(-4.2390, device='cuda:0', grad_fn=<UnbindBackward0>)","tensor(2.5708, device='cuda:0', grad_fn=<UnbindBackward0>)"
"tensor(-1.6534, device='cuda:0', grad_fn=<UnbindBackward0>)","tensor(-1.0227, device='cuda:0', grad_fn=<UnbindBackward0>)","tensor(2.6415, device='cuda:0', grad_fn=<UnbindBackward0>)"
"tensor(0.7102, device='cuda:0', grad_fn=<UnbindBackward0>)","tensor(-5.3614, device='cuda:0', grad_fn=<UnbindBackward0>)","tensor(4.5189, device='cuda:0', grad_fn=<UnbindBackward0>)"
"tensor(-0.6020, device='cuda:0', grad_fn=<UnbindBackward0>)","tensor(2.5862, device='cuda:0', grad_fn=<UnbindBackward0>)","tensor(-1.2971, device='cuda:0', grad_fn=<UnbindBackward0>)"
"tensor(-6.1087, device='cuda:0', grad_fn=<UnbindBackward0>)","tensor(9.5990, device='cuda:0', grad_fn=<UnbindBackward0>)","tensor(-3.0340, device='cuda:0', grad_fn=<UnbindBackward0>)"
"tensor(-1.2792, device='cuda:0', grad_fn=<UnbindBackward0>)","tensor(-1.8213, device='cuda:0', grad_fn=<UnbindBackward0>)","tensor(3.1916, device='cuda:0', grad_fn=<UnbindBackward0>)"
"tensor(-1.1058, device='cuda:0', grad_fn=<UnbindBackward0>)","tensor(4.1257, device='cuda:0', grad_fn=<UnbindBackward0>)","tensor(-2.5950, device='cuda:0', grad_fn=<UnbindBackward0>)"
"tensor(-3.8238, device='cuda:0', grad_fn=<UnbindBackward0>)","tensor(6.5626, device='cuda:0', grad_fn=<UnbindBackward0>)","tensor(-2.1633, device='cuda:0', grad_fn=<UnbindBackward0>)"
"tensor(-2.6855, device='cuda:0', grad_fn=<UnbindBackward0>)","tensor(5.2597, device='cuda:0', grad_fn=<UnbindBackward0>)","tensor(-1.6425, device='cuda:0', grad_fn=<UnbindBackward0>)"
"tensor(-0.3425, device='cuda:0', grad_fn=<UnbindBackward0>)","tensor(-0.1602, device='cuda:0', grad_fn=<UnbindBackward0>)","tensor(0.9247, device='cuda:0', grad_fn=<UnbindBackward0>)"
"tensor(-0.4313, device='cuda:0', grad_fn=<UnbindBackward0>)","tensor(2.8283, device='cuda:0', grad_fn=<UnbindBackward0>)","tensor(-1.8510, device='cuda:0', grad_fn=<UnbindBackward0>)"
"tensor(2.0733, device='cuda:0', grad_fn=<UnbindBackward0>)","tensor(-3.2334, device='cuda:0', grad_fn=<UnbindBackward0>)","tensor(1.4995, device='cuda:0', grad_fn=<UnbindBackward0>)"
"tensor(-2.4086, device='cuda:0', grad_fn=<UnbindBackward0>)","tensor(6.2174, device='cuda:0', grad_fn=<UnbindBackward0>)","tensor(-2.8758, device='cuda:0', grad_fn=<UnbindBackward0>)"
"tensor(0.4597, device='cuda:0', grad_fn=<UnbindBackward0>)","tensor(-7.4577, device='cuda:0', grad_fn=<UnbindBackward0>)","tensor(7.5530, device='cuda:0', grad_fn=<UnbindBackward0>)"
"tensor(-1.3894, device='cuda:0', grad_fn=<UnbindBackward0>)","tensor(3.3280, device='cuda:0', grad_fn=<UnbindBackward0>)","tensor(-1.8503, device='cuda:0', grad_fn=<UnbindBackward0>)"
"tensor(-1.1939, device='cuda:0', grad_fn=<UnbindBackward0>)","tensor(2.4169, device='cuda:0', grad_fn=<UnbindBackward0>)","tensor(-0.6948, device='cuda:0', grad_fn=<UnbindBackward0>)"
"tensor(-2.6185, device='cuda:0', grad_fn=<UnbindBackward0>)","tensor(7.8804, device='cuda:0', grad_fn=<UnbindBackward0>)","tensor(-4.2867, device='cuda:0', grad_fn=<UnbindBackward0>)"
"tensor(0.1371, device='cuda:0', grad_fn=<UnbindBackward0>)","tensor(1.8841, device='cuda:0', grad_fn=<UnbindBackward0>)","tensor(-1.7415, device='cuda:0', grad_fn=<UnbindBackward0>)"
"tensor(1.6364, device='cuda:0', grad_fn=<UnbindBackward0>)","tensor(-4.6319, device='cuda:0', grad_fn=<UnbindBackward0>)","tensor(3.0787, device='cuda:0', grad_fn=<UnbindBackward0>)"
"tensor(-0.9954, device='cuda:0', grad_fn=<UnbindBackward0>)","tensor(-0.1790, device='cuda:0', grad_fn=<UnbindBackward0>)","tensor(1.1631, device='cuda:0', grad_fn=<UnbindBackward0>)"
"tensor(-0.5617, device='cuda:0', grad_fn=<UnbindBackward0>)","tensor(3.7957, device='cuda:0', grad_fn=<UnbindBackward0>)","tensor(-2.2653, device='cuda:0', grad_fn=<UnbindBackward0>)"
"tensor(0.0899, device='cuda:0', grad_fn=<UnbindBackward0>)","tensor(-5.8633, device='cuda:0', grad_fn=<UnbindBackward0>)","tensor(5.2458, device='cuda:0', grad_fn=<UnbindBackward0>)"
"tensor(-0.0277, device='cuda:0', grad_fn=<UnbindBackward0>)","tensor(4.3023, device='cuda:0', grad_fn=<UnbindBackward0>)","tensor(-2.8068, device='cuda:0', grad_fn=<UnbindBackward0>)"
"tensor(-2.5141, device='cuda:0', grad_fn=<UnbindBackward0>)","tensor(10.2700, device='cuda:0', grad_fn=<UnbindBackward0>)","tensor(-6.0008, device='cuda:0', grad_fn=<UnbindBackward0>)"
"tensor(-3.2286, device='cuda:0', grad_fn=<UnbindBackward0>)","tensor(3.5238, device='cuda:0', grad_fn=<UnbindBackward0>)","tensor(-0.0416, device='cuda:0', grad_fn=<UnbindBackward0>)"
"tensor(-0.3746, device='cuda:0', grad_fn=<UnbindBackward0>)","tensor(-1.3265, device='cuda:0', grad_fn=<UnbindBackward0>)","tensor(2.0334, device='cuda:0', grad_fn=<UnbindBackward0>)"
"tensor(-2.3958, device='cuda:0', grad_fn=<UnbindBackward0>)","tensor(-0.9581, device='cuda:0', grad_fn=<UnbindBackward0>)","tensor(3.5082, device='cuda:0', grad_fn=<UnbindBackward0>)"
"tensor(-1.2999, device='cuda:0', grad_fn=<UnbindBackward0>)","tensor(2.2828, device='cuda:0', grad_fn=<UnbindBackward0>)","tensor(-0.8988, device='cuda:0', grad_fn=<UnbindBackward0>)"
"tensor(-1.1316, device='cuda:0', grad_fn=<UnbindBackward0>)","tensor(-2.2953, device='cuda:0', grad_fn=<UnbindBackward0>)","tensor(3.2971, device='cuda:0', grad_fn=<UnbindBackward0>)"
"tensor(-4.6529, device='cuda:0', grad_fn=<UnbindBackward0>)","tensor(9.2464, device='cuda:0', grad_fn=<UnbindBackward0>)","tensor(-3.3994, device='cuda:0', grad_fn=<UnbindBackward0>)"
"tensor(-1.1262, device='cuda:0', grad_fn=<UnbindBackward0>)","tensor(4.4262, device='cuda:0', grad_fn=<UnbindBackward0>)","tensor(-2.7980, device='cuda:0', grad_fn=<UnbindBackward0>)"
"tensor(-0.2979, device='cuda:0', grad_fn=<UnbindBackward0>)","tensor(3.6651, device='cuda:0', grad_fn=<UnbindBackward0>)","tensor(-2.9401, device='cuda:0', grad_fn=<UnbindBackward0>)"
"tensor(-2.0218, device='cuda:0', grad_fn=<UnbindBackward0>)","tensor(4.7296, device='cuda:0', grad_fn=<UnbindBackward0>)","tensor(-1.8248, device='cuda:0', grad_fn=<UnbindBackward0>)"
"tensor(-3.7560, device='cuda:0', grad_fn=<UnbindBackward0>)","tensor(4.9149, device='cuda:0', grad_fn=<UnbindBackward0>)","tensor(-0.6386, device='cuda:0', grad_fn=<UnbindBackward0>)"
"tensor(-1.8973, device='cuda:0', grad_fn=<UnbindBackward0>)","tensor(5.2296, device='cuda:0', grad_fn=<UnbindBackward0>)","tensor(-2.6020, device='cuda:0', grad_fn=<UnbindBackward0>)"
"tensor(-0.1491, device='cuda:0', grad_fn=<UnbindBackward0>)","tensor(-3.3782, device='cuda:0', grad_fn=<UnbindBackward0>)","tensor(3.6486, device='cuda:0', grad_fn=<UnbindBackward0>)"
"tensor(-0.7397, device='cuda:0', grad_fn=<UnbindBackward0>)","tensor(7.4152, device='cuda:0', grad_fn=<UnbindBackward0>)","tensor(-5.4816, device='cuda:0', grad_fn=<UnbindBackward0>)"
"tensor(-2.4205, device='cuda:0', grad_fn=<UnbindBackward0>)","tensor(4.2196, device='cuda:0', grad_fn=<UnbindBackward0>)","tensor(-2.1612, device='cuda:0', grad_fn=<UnbindBackward0>)"
"tensor(-0.9147, device='cuda:0', grad_fn=<UnbindBackward0>)","tensor(5.2822, device='cuda:0', grad_fn=<UnbindBackward0>)","tensor(-3.6476, device='cuda:0', grad_fn=<UnbindBackward0>)"
"tensor(-2.9072, device='cuda:0', grad_fn=<UnbindBackward0>)","tensor(5.4048, device='cuda:0', grad_fn=<UnbindBackward0>)","tensor(-2.7706, device='cuda:0', grad_fn=<UnbindBackward0>)"
"tensor(-2.9015, device='cuda:0', grad_fn=<UnbindBackward0>)","tensor(-1.2647, device='cuda:0', grad_fn=<UnbindBackward0>)","tensor(4.0906, device='cuda:0', grad_fn=<UnbindBackward0>)"
"tensor(0.6117, device='cuda:0', grad_fn=<UnbindBackward0>)","tensor(2.9042, device='cuda:0', grad_fn=<UnbindBackward0>)","tensor(-2.8999, device='cuda:0', grad_fn=<UnbindBackward0>)"
"tensor(0.3184, device='cuda:0', grad_fn=<UnbindBackward0>)","tensor(-4.4137, device='cuda:0', grad_fn=<UnbindBackward0>)","tensor(3.8631, device='cuda:0', grad_fn=<UnbindBackward0>)"
"tensor(-0.6333, device='cuda:0', grad_fn=<UnbindBackward0>)","tensor(-3.0094, device='cuda:0', grad_fn=<UnbindBackward0>)","tensor(3.7393, device='cuda:0', grad_fn=<UnbindBackward0>)"
"tensor(-1.9684, device='cuda:0', grad_fn=<UnbindBackward0>)","tensor(-1.7621, device='cuda:0', grad_fn=<UnbindBackward0>)","tensor(3.8254, device='cuda:0', grad_fn=<UnbindBackward0>)"
"tensor(-1.6513, device='cuda:0', grad_fn=<UnbindBackward0>)","tensor(2.2047, device='cuda:0', grad_fn=<UnbindBackward0>)","tensor(-0.1667, device='cuda:0', grad_fn=<UnbindBackward0>)"
"tensor(0.5577, device='cuda:0', grad_fn=<UnbindBackward0>)","tensor(7.8840, device='cuda:0', grad_fn=<UnbindBackward0>)","tensor(-7.6667, device='cuda:0', grad_fn=<UnbindBackward0>)"
"tensor(-1.2860, device='cuda:0', grad_fn=<UnbindBackward0>)","tensor(2.0678, device='cuda:0', grad_fn=<UnbindBackward0>)","tensor(-0.6195, device='cuda:0', grad_fn=<UnbindBackward0>)"
"tensor(-3.2425, device='cuda:0', grad_fn=<UnbindBackward0>)","tensor(-2.2585, device='cuda:0', grad_fn=<UnbindBackward0>)","tensor(5.4613, device='cuda:0', grad_fn=<UnbindBackward0>)"
"tensor(-1.6014, device='cuda:0', grad_fn=<UnbindBackward0>)","tensor(-0.6317, device='cuda:0', grad_fn=<UnbindBackward0>)","tensor(2.3163, device='cuda:0', grad_fn=<UnbindBackward0>)"
"tensor(-1.7511, device='cuda:0', grad_fn=<UnbindBackward0>)","tensor(4.0467, device='cuda:0', grad_fn=<UnbindBackward0>)","tensor(-1.7276, device='cuda:0', grad_fn=<UnbindBackward0>)"
"tensor(-3.4984, device='cuda:0', grad_fn=<UnbindBackward0>)","tensor(5.4576, device='cuda:0', grad_fn=<UnbindBackward0>)","tensor(-1.8071, device='cuda:0', grad_fn=<UnbindBackward0>)"
"tensor(-1.9708, device='cuda:0', grad_fn=<UnbindBackward0>)","tensor(2.1961, device='cuda:0', grad_fn=<UnbindBackward0>)","tensor(0.5575, device='cuda:0', grad_fn=<UnbindBackward0>)"
"tensor(-8.0605, device='cuda:0', grad_fn=<UnbindBackward0>)","tensor(6.3361, device='cuda:0', grad_fn=<UnbindBackward0>)","tensor(2.1457, device='cuda:0', grad_fn=<UnbindBackward0>)"
"tensor(-5.7493, device='cuda:0', grad_fn=<UnbindBackward0>)","tensor(-1.6972, device='cuda:0', grad_fn=<UnbindBackward0>)","tensor(8.2503, device='cuda:0', grad_fn=<UnbindBackward0>)"
"tensor(-2.7731, device='cuda:0', grad_fn=<UnbindBackward0>)","tensor(8.3338, device='cuda:0', grad_fn=<UnbindBackward0>)","tensor(-4.7951, device='cuda:0', grad_fn=<UnbindBackward0>)"
"tensor(-0.0735, device='cuda:0', grad_fn=<UnbindBackward0>)","tensor(-2.6303, device='cuda:0', grad_fn=<UnbindBackward0>)","tensor(2.9431, device='cuda:0', grad_fn=<UnbindBackward0>)"
"tensor(-1.4914, device='cuda:0', grad_fn=<UnbindBackward0>)","tensor(-0.1712, device='cuda:0', grad_fn=<UnbindBackward0>)","tensor(1.9035, device='cuda:0', grad_fn=<UnbindBackward0>)"
"tensor(-0.8673, device='cuda:0', grad_fn=<UnbindBackward0>)","tensor(-2.1748, device='cuda:0', grad_fn=<UnbindBackward0>)","tensor(2.8369, device='cuda:0', grad_fn=<UnbindBackward0>)"
"tensor(-1.1692, device='cuda:0', grad_fn=<UnbindBackward0>)","tensor(0.0285, device='cuda:0', grad_fn=<UnbindBackward0>)","tensor(1.2841, device='cuda:0', grad_fn=<UnbindBackward0>)"
"tensor(-1.0539, device='cuda:0', grad_fn=<UnbindBackward0>)","tensor(1.7308, device='cuda:0', grad_fn=<UnbindBackward0>)","tensor(-0.3004, device='cuda:0', grad_fn=<UnbindBackward0>)"
"tensor(-3.5159, device='cuda:0', grad_fn=<UnbindBackward0>)","tensor(8.5658, device='cuda:0', grad_fn=<UnbindBackward0>)","tensor(-4.1746, device='cuda:0', grad_fn=<UnbindBackward0>)"
"tensor(-2.5983, device='cuda:0', grad_fn=<UnbindBackward0>)","tensor(8.1120, device='cuda:0', grad_fn=<UnbindBackward0>)","tensor(-4.6609, device='cuda:0', grad_fn=<UnbindBackward0>)"
"tensor(-0.6475, device='cuda:0', grad_fn=<UnbindBackward0>)","tensor(6.1664, device='cuda:0', grad_fn=<UnbindBackward0>)","tensor(-5.1041, device='cuda:0', grad_fn=<UnbindBackward0>)"
"tensor(-2.7735, device='cuda:0', grad_fn=<UnbindBackward0>)","tensor(4.4358, device='cuda:0', grad_fn=<UnbindBackward0>)","tensor(-1.7697, device='cuda:0', grad_fn=<UnbindBackward0>)"
"tensor(-1.9932, device='cuda:0', grad_fn=<UnbindBackward0>)","tensor(3.9269, device='cuda:0', grad_fn=<UnbindBackward0>)","tensor(-1.4362, device='cuda:0', grad_fn=<UnbindBackward0>)"
"tensor(-4.9860, device='cuda:0', grad_fn=<UnbindBackward0>)","tensor(5.2464, device='cuda:0', grad_fn=<UnbindBackward0>)","tensor(0.3700, device='cuda:0', grad_fn=<UnbindBackward0>)"
"tensor(-0.2267, device='cuda:0', grad_fn=<UnbindBackward0>)","tensor(7.0355, device='cuda:0', grad_fn=<UnbindBackward0>)","tensor(-5.8634, device='cuda:0', grad_fn=<UnbindBackward0>)"
"tensor(-1.0186, device='cuda:0', grad_fn=<UnbindBackward0>)","tensor(-2.2474, device='cuda:0', grad_fn=<UnbindBackward0>)","tensor(3.3862, device='cuda:0', grad_fn=<UnbindBackward0>)"
"tensor(-2.7562, device='cuda:0', grad_fn=<UnbindBackward0>)","tensor(3.4561, device='cuda:0', grad_fn=<UnbindBackward0>)","tensor(0.0606, device='cuda:0', grad_fn=<UnbindBackward0>)"
"tensor(0.2853, device='cuda:0', grad_fn=<UnbindBackward0>)","tensor(-4.1853, device='cuda:0', grad_fn=<UnbindBackward0>)","tensor(3.9531, device='cuda:0', grad_fn=<UnbindBackward0>)"
"tensor(-3.9026, device='cuda:0', grad_fn=<UnbindBackward0>)","tensor(5.3682, device='cuda:0', grad_fn=<UnbindBackward0>)","tensor(-0.2746, device='cuda:0', grad_fn=<UnbindBackward0>)"
"tensor(-2.3151, device='cuda:0', grad_fn=<UnbindBackward0>)","tensor(4.8974, device='cuda:0', grad_fn=<UnbindBackward0>)","tensor(-1.9835, device='cuda:0', grad_fn=<UnbindBackward0>)"
"tensor(-2.7153, device='cuda:0', grad_fn=<UnbindBackward0>)","tensor(4.8446, device='cuda:0', grad_fn=<UnbindBackward0>)","tensor(-1.4548, device='cuda:0', grad_fn=<UnbindBackward0>)"
"tensor(-1.8654, device='cuda:0', grad_fn=<UnbindBackward0>)","tensor(3.1785, device='cuda:0', grad_fn=<UnbindBackward0>)","tensor(-0.6118, device='cuda:0', grad_fn=<UnbindBackward0>)"
"tensor(-1.3245, device='cuda:0', grad_fn=<UnbindBackward0>)","tensor(4.8917, device='cuda:0', grad_fn=<UnbindBackward0>)","tensor(-3.1807, device='cuda:0', grad_fn=<UnbindBackward0>)"
"tensor(-1.3939, device='cuda:0', grad_fn=<UnbindBackward0>)","tensor(4.8755, device='cuda:0', grad_fn=<UnbindBackward0>)","tensor(-2.6743, device='cuda:0', grad_fn=<UnbindBackward0>)"
"tensor(-3.4411, device='cuda:0', grad_fn=<UnbindBackward0>)","tensor(9.1283, device='cuda:0', grad_fn=<UnbindBackward0>)","tensor(-4.5009, device='cuda:0', grad_fn=<UnbindBackward0>)"
"tensor(-0.7144, device='cuda:0', grad_fn=<UnbindBackward0>)","tensor(2.2945, device='cuda:0', grad_fn=<UnbindBackward0>)","tensor(-0.5120, device='cuda:0', grad_fn=<UnbindBackward0>)"
"tensor(-4.7402, device='cuda:0', grad_fn=<UnbindBackward0>)","tensor(1.8760, device='cuda:0', grad_fn=<UnbindBackward0>)","tensor(3.2866, device='cuda:0', grad_fn=<UnbindBackward0>)"
"tensor(-1.5890, device='cuda:0', grad_fn=<UnbindBackward0>)","tensor(-1.3794, device='cuda:0', grad_fn=<UnbindBackward0>)","tensor(2.9657, device='cuda:0', grad_fn=<UnbindBackward0>)"
"tensor(-1.2382, device='cuda:0', grad_fn=<UnbindBackward0>)","tensor(-0.0455, device='cuda:0', grad_fn=<UnbindBackward0>)","tensor(1.7719, device='cuda:0', grad_fn=<UnbindBackward0>)"
"tensor(-3.8053, device='cuda:0', grad_fn=<UnbindBackward0>)","tensor(7.0448, device='cuda:0', grad_fn=<UnbindBackward0>)","tensor(-2.7566, device='cuda:0', grad_fn=<UnbindBackward0>)"
"tensor(-3.1008, device='cuda:0', grad_fn=<UnbindBackward0>)","tensor(2.9156, device='cuda:0', grad_fn=<UnbindBackward0>)","tensor(0.7960, device='cuda:0', grad_fn=<UnbindBackward0>)"
"tensor(-4.1548, device='cuda:0', grad_fn=<UnbindBackward0>)","tensor(7.2994, device='cuda:0', grad_fn=<UnbindBackward0>)","tensor(-1.9768, device='cuda:0', grad_fn=<UnbindBackward0>)"
"tensor(1.9498, device='cuda:0', grad_fn=<UnbindBackward0>)","tensor(-2.2644, device='cuda:0', grad_fn=<UnbindBackward0>)","tensor(0.5211, device='cuda:0', grad_fn=<UnbindBackward0>)"
"tensor(-2.1143, device='cuda:0', grad_fn=<UnbindBackward0>)","tensor(3.1082, device='cuda:0', grad_fn=<UnbindBackward0>)","tensor(-0.5145, device='cuda:0', grad_fn=<UnbindBackward0>)"
"tensor(-1.1249, device='cuda:0', grad_fn=<UnbindBackward0>)","tensor(-0.1141, device='cuda:0', grad_fn=<UnbindBackward0>)","tensor(1.6441, device='cuda:0', grad_fn=<UnbindBackward0>)"
"tensor(-1.5066, device='cuda:0', grad_fn=<UnbindBackward0>)","tensor(-0.1861, device='cuda:0', grad_fn=<UnbindBackward0>)","tensor(1.7026, device='cuda:0', grad_fn=<UnbindBackward0>)"
"tensor(-3.3510, device='cuda:0', grad_fn=<UnbindBackward0>)","tensor(-4.1211, device='cuda:0', grad_fn=<UnbindBackward0>)","tensor(8.3626, device='cuda:0', grad_fn=<UnbindBackward0>)"
"tensor(2.1704, device='cuda:0', grad_fn=<UnbindBackward0>)","tensor(-3.7334, device='cuda:0', grad_fn=<UnbindBackward0>)","tensor(1.5448, device='cuda:0', grad_fn=<UnbindBackward0>)"
"tensor(-2.7018, device='cuda:0', grad_fn=<UnbindBackward0>)","tensor(-2.3108, device='cuda:0', grad_fn=<UnbindBackward0>)","tensor(5.7212, device='cuda:0', grad_fn=<UnbindBackward0>)"
"tensor(-1.7011, device='cuda:0', grad_fn=<UnbindBackward0>)","tensor(-6.2571, device='cuda:0', grad_fn=<UnbindBackward0>)","tensor(8.1422, device='cuda:0', grad_fn=<UnbindBackward0>)"
"tensor(-3.5853, device='cuda:0', grad_fn=<UnbindBackward0>)","tensor(-1.5539, device='cuda:0', grad_fn=<UnbindBackward0>)","tensor(5.4847, device='cuda:0', grad_fn=<UnbindBackward0>)"
"tensor(-1.4228, device='cuda:0', grad_fn=<UnbindBackward0>)","tensor(-4.6719, device='cuda:0', grad_fn=<UnbindBackward0>)","tensor(6.1048, device='cuda:0', grad_fn=<UnbindBackward0>)"
"tensor(-4.9186, device='cuda:0', grad_fn=<UnbindBackward0>)","tensor(-3.2544, device='cuda:0', grad_fn=<UnbindBackward0>)","tensor(8.3053, device='cuda:0', grad_fn=<UnbindBackward0>)"
"tensor(-0.7478, device='cuda:0', grad_fn=<UnbindBackward0>)","tensor(-4.2356, device='cuda:0', grad_fn=<UnbindBackward0>)","tensor(5.2758, device='cuda:0', grad_fn=<UnbindBackward0>)"
"tensor(0.3542, device='cuda:0', grad_fn=<UnbindBackward0>)","tensor(-2.3756, device='cuda:0', grad_fn=<UnbindBackward0>)","tensor(2.0833, device='cuda:0', grad_fn=<UnbindBackward0>)"
"tensor(-2.3885, device='cuda:0', grad_fn=<UnbindBackward0>)","tensor(-1.9426, device='cuda:0', grad_fn=<UnbindBackward0>)","tensor(4.1833, device='cuda:0', grad_fn=<UnbindBackward0>)"
"tensor(-0.5386, device='cuda:0', grad_fn=<UnbindBackward0>)","tensor(-3.7752, device='cuda:0', grad_fn=<UnbindBackward0>)","tensor(4.3073, device='cuda:0', grad_fn=<UnbindBackward0>)"
"tensor(-1.2488, device='cuda:0', grad_fn=<UnbindBackward0>)","tensor(-1.0512, device='cuda:0', grad_fn=<UnbindBackward0>)","tensor(2.7903, device='cuda:0', grad_fn=<UnbindBackward0>)"
"tensor(-0.8887, device='cuda:0', grad_fn=<UnbindBackward0>)","tensor(-1.5972, device='cuda:0', grad_fn=<UnbindBackward0>)","tensor(2.7119, device='cuda:0', grad_fn=<UnbindBackward0>)"
"tensor(-2.5796, device='cuda:0', grad_fn=<UnbindBackward0>)","tensor(-1.4049, device='cuda:0', grad_fn=<UnbindBackward0>)","tensor(4.3605, device='cuda:0', grad_fn=<UnbindBackward0>)"
"tensor(-5.4389, device='cuda:0', grad_fn=<UnbindBackward0>)","tensor(-3.0744, device='cuda:0', grad_fn=<UnbindBackward0>)","tensor(8.7097, device='cuda:0', grad_fn=<UnbindBackward0>)"
"tensor(1.3661, device='cuda:0', grad_fn=<UnbindBackward0>)","tensor(-5.0854, device='cuda:0', grad_fn=<UnbindBackward0>)","tensor(3.8171, device='cuda:0', grad_fn=<UnbindBackward0>)"
"tensor(0.0191, device='cuda:0', grad_fn=<UnbindBackward0>)","tensor(-5.4141, device='cuda:0', grad_fn=<UnbindBackward0>)","tensor(4.9625, device='cuda:0', grad_fn=<UnbindBackward0>)"
"tensor(-1.2049, device='cuda:0', grad_fn=<UnbindBackward0>)","tensor(-9.3026, device='cuda:0', grad_fn=<UnbindBackward0>)","tensor(10.1091, device='cuda:0', grad_fn=<UnbindBackward0>)"
"tensor(0.2267, device='cuda:0', grad_fn=<UnbindBackward0>)","tensor(-6.7831, device='cuda:0', grad_fn=<UnbindBackward0>)","tensor(5.8553, device='cuda:0', grad_fn=<UnbindBackward0>)"
"tensor(-1.2690, device='cuda:0', grad_fn=<UnbindBackward0>)","tensor(-1.3711, device='cuda:0', grad_fn=<UnbindBackward0>)","tensor(3.1138, device='cuda:0', grad_fn=<UnbindBackward0>)"
"tensor(-6.0936, device='cuda:0', grad_fn=<UnbindBackward0>)","tensor(0.6096, device='cuda:0', grad_fn=<UnbindBackward0>)","tensor(5.8349, device='cuda:0', grad_fn=<UnbindBackward0>)"
"tensor(-10.2402, device='cuda:0', grad_fn=<UnbindBackward0>)","tensor(-0.3914, device='cuda:0', grad_fn=<UnbindBackward0>)","tensor(11.5448, device='cuda:0', grad_fn=<UnbindBackward0>)"
"tensor(-4.6563, device='cuda:0', grad_fn=<UnbindBackward0>)","tensor(-3.9837, device='cuda:0', grad_fn=<UnbindBackward0>)","tensor(8.7448, device='cuda:0', grad_fn=<UnbindBackward0>)"
"tensor(-1.0854, device='cuda:0', grad_fn=<UnbindBackward0>)","tensor(-9.4553, device='cuda:0', grad_fn=<UnbindBackward0>)","tensor(12.1989, device='cuda:0', grad_fn=<UnbindBackward0>)"
"tensor(-1.9839, device='cuda:0', grad_fn=<UnbindBackward0>)","tensor(-1.5284, device='cuda:0', grad_fn=<UnbindBackward0>)","tensor(3.4306, device='cuda:0', grad_fn=<UnbindBackward0>)"
"tensor(0.3744, device='cuda:0', grad_fn=<UnbindBackward0>)","tensor(-1.8436, device='cuda:0', grad_fn=<UnbindBackward0>)","tensor(1.7771, device='cuda:0', grad_fn=<UnbindBackward0>)"
