"tensor(1.7515, device='cuda:0', grad_fn=<UnbindBackward0>)","tensor(-2.6625, device='cuda:0', grad_fn=<UnbindBackward0>)","tensor(0.2951, device='cuda:0', grad_fn=<UnbindBackward0>)"
"tensor(2.4987, device='cuda:0', grad_fn=<UnbindBackward0>)","tensor(0.0484, device='cuda:0', grad_fn=<UnbindBackward0>)","tensor(-2.1205, device='cuda:0', grad_fn=<UnbindBackward0>)"
"tensor(0.8267, device='cuda:0', grad_fn=<UnbindBackward0>)","tensor(0.9975, device='cuda:0', grad_fn=<UnbindBackward0>)","tensor(-1.5669, device='cuda:0', grad_fn=<UnbindBackward0>)"
"tensor(0.6097, device='cuda:0', grad_fn=<UnbindBackward0>)","tensor(-1.5241, device='cuda:0', grad_fn=<UnbindBackward0>)","tensor(0.5627, device='cuda:0', grad_fn=<UnbindBackward0>)"
"tensor(0.6835, device='cuda:0', grad_fn=<UnbindBackward0>)","tensor(-2.4331, device='cuda:0', grad_fn=<UnbindBackward0>)","tensor(1.6723, device='cuda:0', grad_fn=<UnbindBackward0>)"
"tensor(0.4226, device='cuda:0', grad_fn=<UnbindBackward0>)","tensor(-0.5932, device='cuda:0', grad_fn=<UnbindBackward0>)","tensor(0.0013, device='cuda:0', grad_fn=<UnbindBackward0>)"
"tensor(2.2644, device='cuda:0', grad_fn=<UnbindBackward0>)","tensor(-2.1994, device='cuda:0', grad_fn=<UnbindBackward0>)","tensor(-0.8175, device='cuda:0', grad_fn=<UnbindBackward0>)"
"tensor(2.2164, device='cuda:0', grad_fn=<UnbindBackward0>)","tensor(-0.2709, device='cuda:0', grad_fn=<UnbindBackward0>)","tensor(-2.0920, device='cuda:0', grad_fn=<UnbindBackward0>)"
"tensor(0.6489, device='cuda:0', grad_fn=<UnbindBackward0>)","tensor(-0.8539, device='cuda:0', grad_fn=<UnbindBackward0>)","tensor(0.2527, device='cuda:0', grad_fn=<UnbindBackward0>)"
"tensor(1.1092, device='cuda:0', grad_fn=<UnbindBackward0>)","tensor(0.3673, device='cuda:0', grad_fn=<UnbindBackward0>)","tensor(-1.1191, device='cuda:0', grad_fn=<UnbindBackward0>)"
"tensor(1.0238, device='cuda:0', grad_fn=<UnbindBackward0>)","tensor(0.8250, device='cuda:0', grad_fn=<UnbindBackward0>)","tensor(-1.4903, device='cuda:0', grad_fn=<UnbindBackward0>)"
"tensor(1.3651, device='cuda:0', grad_fn=<UnbindBackward0>)","tensor(0.2936, device='cuda:0', grad_fn=<UnbindBackward0>)","tensor(-1.8403, device='cuda:0', grad_fn=<UnbindBackward0>)"
"tensor(3.7969, device='cuda:0', grad_fn=<UnbindBackward0>)","tensor(-2.3751, device='cuda:0', grad_fn=<UnbindBackward0>)","tensor(-1.9675, device='cuda:0', grad_fn=<UnbindBackward0>)"
"tensor(4.4161, device='cuda:0', grad_fn=<UnbindBackward0>)","tensor(-3.0780, device='cuda:0', grad_fn=<UnbindBackward0>)","tensor(-0.7056, device='cuda:0', grad_fn=<UnbindBackward0>)"
"tensor(0.0597, device='cuda:0', grad_fn=<UnbindBackward0>)","tensor(-0.2692, device='cuda:0', grad_fn=<UnbindBackward0>)","tensor(0.3376, device='cuda:0', grad_fn=<UnbindBackward0>)"
"tensor(-0.0544, device='cuda:0', grad_fn=<UnbindBackward0>)","tensor(-0.2225, device='cuda:0', grad_fn=<UnbindBackward0>)","tensor(0.7234, device='cuda:0', grad_fn=<UnbindBackward0>)"
"tensor(2.1164, device='cuda:0', grad_fn=<UnbindBackward0>)","tensor(-0.8477, device='cuda:0', grad_fn=<UnbindBackward0>)","tensor(-1.7260, device='cuda:0', grad_fn=<UnbindBackward0>)"
"tensor(0.2379, device='cuda:0', grad_fn=<UnbindBackward0>)","tensor(-0.9004, device='cuda:0', grad_fn=<UnbindBackward0>)","tensor(0.4745, device='cuda:0', grad_fn=<UnbindBackward0>)"
"tensor(0.2122, device='cuda:0', grad_fn=<UnbindBackward0>)","tensor(-0.7378, device='cuda:0', grad_fn=<UnbindBackward0>)","tensor(0.2579, device='cuda:0', grad_fn=<UnbindBackward0>)"
"tensor(1.0351, device='cuda:0', grad_fn=<UnbindBackward0>)","tensor(-4.6902, device='cuda:0', grad_fn=<UnbindBackward0>)","tensor(2.5600, device='cuda:0', grad_fn=<UnbindBackward0>)"
"tensor(0.7598, device='cuda:0', grad_fn=<UnbindBackward0>)","tensor(-0.9372, device='cuda:0', grad_fn=<UnbindBackward0>)","tensor(0.3356, device='cuda:0', grad_fn=<UnbindBackward0>)"
"tensor(1.4160, device='cuda:0', grad_fn=<UnbindBackward0>)","tensor(-0.9426, device='cuda:0', grad_fn=<UnbindBackward0>)","tensor(-0.6495, device='cuda:0', grad_fn=<UnbindBackward0>)"
"tensor(2.6621, device='cuda:0', grad_fn=<UnbindBackward0>)","tensor(-2.8016, device='cuda:0', grad_fn=<UnbindBackward0>)","tensor(0.1265, device='cuda:0', grad_fn=<UnbindBackward0>)"
"tensor(2.8973, device='cuda:0', grad_fn=<UnbindBackward0>)","tensor(-2.7692, device='cuda:0', grad_fn=<UnbindBackward0>)","tensor(-0.3323, device='cuda:0', grad_fn=<UnbindBackward0>)"
"tensor(2.6878, device='cuda:0', grad_fn=<UnbindBackward0>)","tensor(-0.8535, device='cuda:0', grad_fn=<UnbindBackward0>)","tensor(-1.7445, device='cuda:0', grad_fn=<UnbindBackward0>)"
"tensor(0.9976, device='cuda:0', grad_fn=<UnbindBackward0>)","tensor(-1.5383, device='cuda:0', grad_fn=<UnbindBackward0>)","tensor(0.6617, device='cuda:0', grad_fn=<UnbindBackward0>)"
"tensor(2.4358, device='cuda:0', grad_fn=<UnbindBackward0>)","tensor(-1.9306, device='cuda:0', grad_fn=<UnbindBackward0>)","tensor(-0.4240, device='cuda:0', grad_fn=<UnbindBackward0>)"
"tensor(1.6975, device='cuda:0', grad_fn=<UnbindBackward0>)","tensor(-0.0600, device='cuda:0', grad_fn=<UnbindBackward0>)","tensor(-1.2035, device='cuda:0', grad_fn=<UnbindBackward0>)"
"tensor(1.9528, device='cuda:0', grad_fn=<UnbindBackward0>)","tensor(-0.9049, device='cuda:0', grad_fn=<UnbindBackward0>)","tensor(-1.0310, device='cuda:0', grad_fn=<UnbindBackward0>)"
"tensor(1.2002, device='cuda:0', grad_fn=<UnbindBackward0>)","tensor(-0.6655, device='cuda:0', grad_fn=<UnbindBackward0>)","tensor(-0.3763, device='cuda:0', grad_fn=<UnbindBackward0>)"
"tensor(1.8112, device='cuda:0', grad_fn=<UnbindBackward0>)","tensor(0.6070, device='cuda:0', grad_fn=<UnbindBackward0>)","tensor(-2.6297, device='cuda:0', grad_fn=<UnbindBackward0>)"
"tensor(0.0705, device='cuda:0', grad_fn=<UnbindBackward0>)","tensor(-0.2983, device='cuda:0', grad_fn=<UnbindBackward0>)","tensor(0.3384, device='cuda:0', grad_fn=<UnbindBackward0>)"
"tensor(1.1231, device='cuda:0', grad_fn=<UnbindBackward0>)","tensor(-0.3251, device='cuda:0', grad_fn=<UnbindBackward0>)","tensor(-0.9084, device='cuda:0', grad_fn=<UnbindBackward0>)"
"tensor(0.1846, device='cuda:0', grad_fn=<UnbindBackward0>)","tensor(-3.7581e-05, device='cuda:0', grad_fn=<UnbindBackward0>)","tensor(-0.0161, device='cuda:0', grad_fn=<UnbindBackward0>)"
"tensor(2.3857, device='cuda:0', grad_fn=<UnbindBackward0>)","tensor(-2.8422, device='cuda:0', grad_fn=<UnbindBackward0>)","tensor(1.1926, device='cuda:0', grad_fn=<UnbindBackward0>)"
"tensor(0.5562, device='cuda:0', grad_fn=<UnbindBackward0>)","tensor(0.0262, device='cuda:0', grad_fn=<UnbindBackward0>)","tensor(-0.4098, device='cuda:0', grad_fn=<UnbindBackward0>)"
"tensor(2.2857, device='cuda:0', grad_fn=<UnbindBackward0>)","tensor(-2.9889, device='cuda:0', grad_fn=<UnbindBackward0>)","tensor(0.5465, device='cuda:0', grad_fn=<UnbindBackward0>)"
"tensor(2.4248, device='cuda:0', grad_fn=<UnbindBackward0>)","tensor(-1.1857, device='cuda:0', grad_fn=<UnbindBackward0>)","tensor(-1.4571, device='cuda:0', grad_fn=<UnbindBackward0>)"
"tensor(-2.3799, device='cuda:0', grad_fn=<UnbindBackward0>)","tensor(0.5381, device='cuda:0', grad_fn=<UnbindBackward0>)","tensor(2.2251, device='cuda:0', grad_fn=<UnbindBackward0>)"
"tensor(0.9756, device='cuda:0', grad_fn=<UnbindBackward0>)","tensor(-2.4480, device='cuda:0', grad_fn=<UnbindBackward0>)","tensor(1.5355, device='cuda:0', grad_fn=<UnbindBackward0>)"
"tensor(1.5621, device='cuda:0', grad_fn=<UnbindBackward0>)","tensor(-2.9294, device='cuda:0', grad_fn=<UnbindBackward0>)","tensor(1.2517, device='cuda:0', grad_fn=<UnbindBackward0>)"
"tensor(3.8502, device='cuda:0', grad_fn=<UnbindBackward0>)","tensor(-2.8223, device='cuda:0', grad_fn=<UnbindBackward0>)","tensor(-2.1769, device='cuda:0', grad_fn=<UnbindBackward0>)"
"tensor(2.0115, device='cuda:0', grad_fn=<UnbindBackward0>)","tensor(-0.2379, device='cuda:0', grad_fn=<UnbindBackward0>)","tensor(-1.3466, device='cuda:0', grad_fn=<UnbindBackward0>)"
"tensor(0.3654, device='cuda:0', grad_fn=<UnbindBackward0>)","tensor(0.5663, device='cuda:0', grad_fn=<UnbindBackward0>)","tensor(-0.8880, device='cuda:0', grad_fn=<UnbindBackward0>)"
"tensor(2.1471, device='cuda:0', grad_fn=<UnbindBackward0>)","tensor(0.6414, device='cuda:0', grad_fn=<UnbindBackward0>)","tensor(-2.7512, device='cuda:0', grad_fn=<UnbindBackward0>)"
"tensor(0.7531, device='cuda:0', grad_fn=<UnbindBackward0>)","tensor(-0.6858, device='cuda:0', grad_fn=<UnbindBackward0>)","tensor(-0.3050, device='cuda:0', grad_fn=<UnbindBackward0>)"
"tensor(1.0024, device='cuda:0', grad_fn=<UnbindBackward0>)","tensor(-0.4700, device='cuda:0', grad_fn=<UnbindBackward0>)","tensor(-0.5075, device='cuda:0', grad_fn=<UnbindBackward0>)"
"tensor(4.4438, device='cuda:0', grad_fn=<UnbindBackward0>)","tensor(-3.4062, device='cuda:0', grad_fn=<UnbindBackward0>)","tensor(-1.2515, device='cuda:0', grad_fn=<UnbindBackward0>)"
"tensor(1.4863, device='cuda:0', grad_fn=<UnbindBackward0>)","tensor(-2.8138, device='cuda:0', grad_fn=<UnbindBackward0>)","tensor(0.9436, device='cuda:0', grad_fn=<UnbindBackward0>)"
"tensor(-0.0455, device='cuda:0', grad_fn=<UnbindBackward0>)","tensor(-1.4928, device='cuda:0', grad_fn=<UnbindBackward0>)","tensor(0.9889, device='cuda:0', grad_fn=<UnbindBackward0>)"
"tensor(1.5815, device='cuda:0', grad_fn=<UnbindBackward0>)","tensor(-2.0017, device='cuda:0', grad_fn=<UnbindBackward0>)","tensor(-0.0367, device='cuda:0', grad_fn=<UnbindBackward0>)"
"tensor(4.8455, device='cuda:0', grad_fn=<UnbindBackward0>)","tensor(-3.6349, device='cuda:0', grad_fn=<UnbindBackward0>)","tensor(-1.9162, device='cuda:0', grad_fn=<UnbindBackward0>)"
"tensor(2.9483, device='cuda:0', grad_fn=<UnbindBackward0>)","tensor(-1.7115, device='cuda:0', grad_fn=<UnbindBackward0>)","tensor(-1.9104, device='cuda:0', grad_fn=<UnbindBackward0>)"
"tensor(4.6751, device='cuda:0', grad_fn=<UnbindBackward0>)","tensor(-2.7710, device='cuda:0', grad_fn=<UnbindBackward0>)","tensor(-3.3353, device='cuda:0', grad_fn=<UnbindBackward0>)"
"tensor(3.7589, device='cuda:0', grad_fn=<UnbindBackward0>)","tensor(-3.9511, device='cuda:0', grad_fn=<UnbindBackward0>)","tensor(-1.0687, device='cuda:0', grad_fn=<UnbindBackward0>)"
"tensor(-1.5442, device='cuda:0', grad_fn=<UnbindBackward0>)","tensor(0.9349, device='cuda:0', grad_fn=<UnbindBackward0>)","tensor(0.4134, device='cuda:0', grad_fn=<UnbindBackward0>)"
"tensor(0.0152, device='cuda:0', grad_fn=<UnbindBackward0>)","tensor(-0.7983, device='cuda:0', grad_fn=<UnbindBackward0>)","tensor(0.7932, device='cuda:0', grad_fn=<UnbindBackward0>)"
"tensor(0.1326, device='cuda:0', grad_fn=<UnbindBackward0>)","tensor(-0.2938, device='cuda:0', grad_fn=<UnbindBackward0>)","tensor(0.2156, device='cuda:0', grad_fn=<UnbindBackward0>)"
"tensor(2.8051, device='cuda:0', grad_fn=<UnbindBackward0>)","tensor(-1.2272, device='cuda:0', grad_fn=<UnbindBackward0>)","tensor(-1.8445, device='cuda:0', grad_fn=<UnbindBackward0>)"
"tensor(3.9112, device='cuda:0', grad_fn=<UnbindBackward0>)","tensor(-3.7914, device='cuda:0', grad_fn=<UnbindBackward0>)","tensor(-1.0949, device='cuda:0', grad_fn=<UnbindBackward0>)"
"tensor(1.3758, device='cuda:0', grad_fn=<UnbindBackward0>)","tensor(-0.3118, device='cuda:0', grad_fn=<UnbindBackward0>)","tensor(-1.0572, device='cuda:0', grad_fn=<UnbindBackward0>)"
"tensor(3.1927, device='cuda:0', grad_fn=<UnbindBackward0>)","tensor(-2.0401, device='cuda:0', grad_fn=<UnbindBackward0>)","tensor(-1.2758, device='cuda:0', grad_fn=<UnbindBackward0>)"
"tensor(3.5041, device='cuda:0', grad_fn=<UnbindBackward0>)","tensor(-2.6322, device='cuda:0', grad_fn=<UnbindBackward0>)","tensor(-1.5517, device='cuda:0', grad_fn=<UnbindBackward0>)"
"tensor(2.5439, device='cuda:0', grad_fn=<UnbindBackward0>)","tensor(-3.6164, device='cuda:0', grad_fn=<UnbindBackward0>)","tensor(1.1531, device='cuda:0', grad_fn=<UnbindBackward0>)"
"tensor(2.2645, device='cuda:0', grad_fn=<UnbindBackward0>)","tensor(-0.2830, device='cuda:0', grad_fn=<UnbindBackward0>)","tensor(-2.1326, device='cuda:0', grad_fn=<UnbindBackward0>)"
"tensor(2.4325, device='cuda:0', grad_fn=<UnbindBackward0>)","tensor(-1.9608, device='cuda:0', grad_fn=<UnbindBackward0>)","tensor(-0.6729, device='cuda:0', grad_fn=<UnbindBackward0>)"
"tensor(1.4855, device='cuda:0', grad_fn=<UnbindBackward0>)","tensor(-1.9848, device='cuda:0', grad_fn=<UnbindBackward0>)","tensor(0.3009, device='cuda:0', grad_fn=<UnbindBackward0>)"
"tensor(4.4397, device='cuda:0', grad_fn=<UnbindBackward0>)","tensor(-3.7960, device='cuda:0', grad_fn=<UnbindBackward0>)","tensor(-0.1359, device='cuda:0', grad_fn=<UnbindBackward0>)"
"tensor(1.2300, device='cuda:0', grad_fn=<UnbindBackward0>)","tensor(-1.1636, device='cuda:0', grad_fn=<UnbindBackward0>)","tensor(-0.5148, device='cuda:0', grad_fn=<UnbindBackward0>)"
"tensor(2.4382, device='cuda:0', grad_fn=<UnbindBackward0>)","tensor(-2.8682, device='cuda:0', grad_fn=<UnbindBackward0>)","tensor(0.5858, device='cuda:0', grad_fn=<UnbindBackward0>)"
"tensor(6.7419, device='cuda:0', grad_fn=<UnbindBackward0>)","tensor(-2.0474, device='cuda:0', grad_fn=<UnbindBackward0>)","tensor(-5.2328, device='cuda:0', grad_fn=<UnbindBackward0>)"
"tensor(0.8784, device='cuda:0', grad_fn=<UnbindBackward0>)","tensor(-0.7676, device='cuda:0', grad_fn=<UnbindBackward0>)","tensor(0.2635, device='cuda:0', grad_fn=<UnbindBackward0>)"
"tensor(1.1660, device='cuda:0', grad_fn=<UnbindBackward0>)","tensor(-0.4621, device='cuda:0', grad_fn=<UnbindBackward0>)","tensor(-0.5683, device='cuda:0', grad_fn=<UnbindBackward0>)"
"tensor(2.5059, device='cuda:0', grad_fn=<UnbindBackward0>)","tensor(-2.5594, device='cuda:0', grad_fn=<UnbindBackward0>)","tensor(-0.9116, device='cuda:0', grad_fn=<UnbindBackward0>)"
"tensor(0.1953, device='cuda:0', grad_fn=<UnbindBackward0>)","tensor(-0.7891, device='cuda:0', grad_fn=<UnbindBackward0>)","tensor(0.5064, device='cuda:0', grad_fn=<UnbindBackward0>)"
"tensor(3.1444, device='cuda:0', grad_fn=<UnbindBackward0>)","tensor(-2.7473, device='cuda:0', grad_fn=<UnbindBackward0>)","tensor(-1.0964, device='cuda:0', grad_fn=<UnbindBackward0>)"
"tensor(-0.7424, device='cuda:0', grad_fn=<UnbindBackward0>)","tensor(0.2633, device='cuda:0', grad_fn=<UnbindBackward0>)","tensor(-0.0085, device='cuda:0', grad_fn=<UnbindBackward0>)"
"tensor(0.4638, device='cuda:0', grad_fn=<UnbindBackward0>)","tensor(0.3533, device='cuda:0', grad_fn=<UnbindBackward0>)","tensor(-1.1189, device='cuda:0', grad_fn=<UnbindBackward0>)"
"tensor(1.6203, device='cuda:0', grad_fn=<UnbindBackward0>)","tensor(0.6830, device='cuda:0', grad_fn=<UnbindBackward0>)","tensor(-2.4169, device='cuda:0', grad_fn=<UnbindBackward0>)"
"tensor(7.0139, device='cuda:0', grad_fn=<UnbindBackward0>)","tensor(-5.3472, device='cuda:0', grad_fn=<UnbindBackward0>)","tensor(-2.5678, device='cuda:0', grad_fn=<UnbindBackward0>)"
"tensor(2.4998, device='cuda:0', grad_fn=<UnbindBackward0>)","tensor(-0.2921, device='cuda:0', grad_fn=<UnbindBackward0>)","tensor(-1.5123, device='cuda:0', grad_fn=<UnbindBackward0>)"
"tensor(4.4562, device='cuda:0', grad_fn=<UnbindBackward0>)","tensor(-1.4991, device='cuda:0', grad_fn=<UnbindBackward0>)","tensor(-3.0323, device='cuda:0', grad_fn=<UnbindBackward0>)"
"tensor(1.0435, device='cuda:0', grad_fn=<UnbindBackward0>)","tensor(-1.1882, device='cuda:0', grad_fn=<UnbindBackward0>)","tensor(-0.1080, device='cuda:0', grad_fn=<UnbindBackward0>)"
"tensor(1.0915, device='cuda:0', grad_fn=<UnbindBackward0>)","tensor(0.2711, device='cuda:0', grad_fn=<UnbindBackward0>)","tensor(-1.3697, device='cuda:0', grad_fn=<UnbindBackward0>)"
"tensor(-0.2118, device='cuda:0', grad_fn=<UnbindBackward0>)","tensor(-0.5413, device='cuda:0', grad_fn=<UnbindBackward0>)","tensor(0.9157, device='cuda:0', grad_fn=<UnbindBackward0>)"
"tensor(1.5946, device='cuda:0', grad_fn=<UnbindBackward0>)","tensor(-2.1428, device='cuda:0', grad_fn=<UnbindBackward0>)","tensor(0.5178, device='cuda:0', grad_fn=<UnbindBackward0>)"
"tensor(0.0778, device='cuda:0', grad_fn=<UnbindBackward0>)","tensor(-0.2928, device='cuda:0', grad_fn=<UnbindBackward0>)","tensor(0.3344, device='cuda:0', grad_fn=<UnbindBackward0>)"
"tensor(2.1650, device='cuda:0', grad_fn=<UnbindBackward0>)","tensor(-1.4014, device='cuda:0', grad_fn=<UnbindBackward0>)","tensor(-0.6702, device='cuda:0', grad_fn=<UnbindBackward0>)"
"tensor(1.7675, device='cuda:0', grad_fn=<UnbindBackward0>)","tensor(-2.3651, device='cuda:0', grad_fn=<UnbindBackward0>)","tensor(0.0384, device='cuda:0', grad_fn=<UnbindBackward0>)"
"tensor(2.7220, device='cuda:0', grad_fn=<UnbindBackward0>)","tensor(-2.5450, device='cuda:0', grad_fn=<UnbindBackward0>)","tensor(-0.8518, device='cuda:0', grad_fn=<UnbindBackward0>)"
"tensor(6.5146, device='cuda:0', grad_fn=<UnbindBackward0>)","tensor(-6.2273, device='cuda:0', grad_fn=<UnbindBackward0>)","tensor(-1.2984, device='cuda:0', grad_fn=<UnbindBackward0>)"
"tensor(3.4128, device='cuda:0', grad_fn=<UnbindBackward0>)","tensor(-3.4101, device='cuda:0', grad_fn=<UnbindBackward0>)","tensor(-0.6315, device='cuda:0', grad_fn=<UnbindBackward0>)"
"tensor(0.0741, device='cuda:0', grad_fn=<UnbindBackward0>)","tensor(-0.3137, device='cuda:0', grad_fn=<UnbindBackward0>)","tensor(0.3717, device='cuda:0', grad_fn=<UnbindBackward0>)"
"tensor(4.1243, device='cuda:0', grad_fn=<UnbindBackward0>)","tensor(-3.7034, device='cuda:0', grad_fn=<UnbindBackward0>)","tensor(-0.7687, device='cuda:0', grad_fn=<UnbindBackward0>)"
"tensor(0.4905, device='cuda:0', grad_fn=<UnbindBackward0>)","tensor(2.9473, device='cuda:0', grad_fn=<UnbindBackward0>)","tensor(-4.0470, device='cuda:0', grad_fn=<UnbindBackward0>)"
"tensor(0.2920, device='cuda:0', grad_fn=<UnbindBackward0>)","tensor(-1.1468, device='cuda:0', grad_fn=<UnbindBackward0>)","tensor(0.6982, device='cuda:0', grad_fn=<UnbindBackward0>)"
"tensor(-0.7896, device='cuda:0', grad_fn=<UnbindBackward0>)","tensor(-1.8970, device='cuda:0', grad_fn=<UnbindBackward0>)","tensor(2.6190, device='cuda:0', grad_fn=<UnbindBackward0>)"
"tensor(2.0002, device='cuda:0', grad_fn=<UnbindBackward0>)","tensor(-1.4648, device='cuda:0', grad_fn=<UnbindBackward0>)","tensor(-0.2845, device='cuda:0', grad_fn=<UnbindBackward0>)"
"tensor(5.6923, device='cuda:0', grad_fn=<UnbindBackward0>)","tensor(-3.1970, device='cuda:0', grad_fn=<UnbindBackward0>)","tensor(-2.4936, device='cuda:0', grad_fn=<UnbindBackward0>)"
"tensor(1.5192, device='cuda:0', grad_fn=<UnbindBackward0>)","tensor(-4.5488, device='cuda:0', grad_fn=<UnbindBackward0>)","tensor(2.1804, device='cuda:0', grad_fn=<UnbindBackward0>)"
"tensor(2.0812, device='cuda:0', grad_fn=<UnbindBackward0>)","tensor(-1.5017, device='cuda:0', grad_fn=<UnbindBackward0>)","tensor(-1.3467, device='cuda:0', grad_fn=<UnbindBackward0>)"
"tensor(1.2571, device='cuda:0', grad_fn=<UnbindBackward0>)","tensor(-1.1702, device='cuda:0', grad_fn=<UnbindBackward0>)","tensor(-0.5314, device='cuda:0', grad_fn=<UnbindBackward0>)"
"tensor(-0.1461, device='cuda:0', grad_fn=<UnbindBackward0>)","tensor(-0.2343, device='cuda:0', grad_fn=<UnbindBackward0>)","tensor(0.6779, device='cuda:0', grad_fn=<UnbindBackward0>)"
"tensor(2.7265, device='cuda:0', grad_fn=<UnbindBackward0>)","tensor(-2.3674, device='cuda:0', grad_fn=<UnbindBackward0>)","tensor(-0.1800, device='cuda:0', grad_fn=<UnbindBackward0>)"
"tensor(0.4603, device='cuda:0', grad_fn=<UnbindBackward0>)","tensor(-0.2938, device='cuda:0', grad_fn=<UnbindBackward0>)","tensor(0.1200, device='cuda:0', grad_fn=<UnbindBackward0>)"
"tensor(4.3875, device='cuda:0', grad_fn=<UnbindBackward0>)","tensor(-2.8119, device='cuda:0', grad_fn=<UnbindBackward0>)","tensor(-2.3290, device='cuda:0', grad_fn=<UnbindBackward0>)"
"tensor(1.1060, device='cuda:0', grad_fn=<UnbindBackward0>)","tensor(-1.6667, device='cuda:0', grad_fn=<UnbindBackward0>)","tensor(0.2113, device='cuda:0', grad_fn=<UnbindBackward0>)"
"tensor(-0.6487, device='cuda:0', grad_fn=<UnbindBackward0>)","tensor(0.5485, device='cuda:0', grad_fn=<UnbindBackward0>)","tensor(0.2034, device='cuda:0', grad_fn=<UnbindBackward0>)"
"tensor(-1.9615, device='cuda:0', grad_fn=<UnbindBackward0>)","tensor(1.6427, device='cuda:0', grad_fn=<UnbindBackward0>)","tensor(0.8313, device='cuda:0', grad_fn=<UnbindBackward0>)"
"tensor(0.2429, device='cuda:0', grad_fn=<UnbindBackward0>)","tensor(-0.7540, device='cuda:0', grad_fn=<UnbindBackward0>)","tensor(0.5871, device='cuda:0', grad_fn=<UnbindBackward0>)"
"tensor(-2.2893, device='cuda:0', grad_fn=<UnbindBackward0>)","tensor(2.3881, device='cuda:0', grad_fn=<UnbindBackward0>)","tensor(0.8199, device='cuda:0', grad_fn=<UnbindBackward0>)"
"tensor(-0.4402, device='cuda:0', grad_fn=<UnbindBackward0>)","tensor(-0.2289, device='cuda:0', grad_fn=<UnbindBackward0>)","tensor(0.6832, device='cuda:0', grad_fn=<UnbindBackward0>)"
"tensor(-0.7695, device='cuda:0', grad_fn=<UnbindBackward0>)","tensor(-1.6301, device='cuda:0', grad_fn=<UnbindBackward0>)","tensor(2.5272, device='cuda:0', grad_fn=<UnbindBackward0>)"
"tensor(-0.8272, device='cuda:0', grad_fn=<UnbindBackward0>)","tensor(-0.4774, device='cuda:0', grad_fn=<UnbindBackward0>)","tensor(1.6438, device='cuda:0', grad_fn=<UnbindBackward0>)"
"tensor(-1.6904, device='cuda:0', grad_fn=<UnbindBackward0>)","tensor(4.3550, device='cuda:0', grad_fn=<UnbindBackward0>)","tensor(-1.8428, device='cuda:0', grad_fn=<UnbindBackward0>)"
"tensor(1.2783, device='cuda:0', grad_fn=<UnbindBackward0>)","tensor(-2.1663, device='cuda:0', grad_fn=<UnbindBackward0>)","tensor(1.5089, device='cuda:0', grad_fn=<UnbindBackward0>)"
"tensor(-0.1525, device='cuda:0', grad_fn=<UnbindBackward0>)","tensor(-0.7336, device='cuda:0', grad_fn=<UnbindBackward0>)","tensor(0.9937, device='cuda:0', grad_fn=<UnbindBackward0>)"
"tensor(-4.9580, device='cuda:0', grad_fn=<UnbindBackward0>)","tensor(5.5358, device='cuda:0', grad_fn=<UnbindBackward0>)","tensor(0.5073, device='cuda:0', grad_fn=<UnbindBackward0>)"
"tensor(0.2379, device='cuda:0', grad_fn=<UnbindBackward0>)","tensor(-0.5913, device='cuda:0', grad_fn=<UnbindBackward0>)","tensor(0.3620, device='cuda:0', grad_fn=<UnbindBackward0>)"
"tensor(-1.0756, device='cuda:0', grad_fn=<UnbindBackward0>)","tensor(2.5671, device='cuda:0', grad_fn=<UnbindBackward0>)","tensor(-1.7364, device='cuda:0', grad_fn=<UnbindBackward0>)"
"tensor(0.1416, device='cuda:0', grad_fn=<UnbindBackward0>)","tensor(0.4025, device='cuda:0', grad_fn=<UnbindBackward0>)","tensor(-0.6149, device='cuda:0', grad_fn=<UnbindBackward0>)"
"tensor(1.7534, device='cuda:0', grad_fn=<UnbindBackward0>)","tensor(-3.3504, device='cuda:0', grad_fn=<UnbindBackward0>)","tensor(1.0803, device='cuda:0', grad_fn=<UnbindBackward0>)"
"tensor(-0.1452, device='cuda:0', grad_fn=<UnbindBackward0>)","tensor(-1.0019, device='cuda:0', grad_fn=<UnbindBackward0>)","tensor(1.3873, device='cuda:0', grad_fn=<UnbindBackward0>)"
"tensor(-1.0623, device='cuda:0', grad_fn=<UnbindBackward0>)","tensor(-4.8322, device='cuda:0', grad_fn=<UnbindBackward0>)","tensor(6.2585, device='cuda:0', grad_fn=<UnbindBackward0>)"
"tensor(0.1381, device='cuda:0', grad_fn=<UnbindBackward0>)","tensor(-1.3838, device='cuda:0', grad_fn=<UnbindBackward0>)","tensor(1.4396, device='cuda:0', grad_fn=<UnbindBackward0>)"
"tensor(-0.4637, device='cuda:0', grad_fn=<UnbindBackward0>)","tensor(0.0591, device='cuda:0', grad_fn=<UnbindBackward0>)","tensor(0.6837, device='cuda:0', grad_fn=<UnbindBackward0>)"
"tensor(0.8002, device='cuda:0', grad_fn=<UnbindBackward0>)","tensor(-2.0924, device='cuda:0', grad_fn=<UnbindBackward0>)","tensor(1.0254, device='cuda:0', grad_fn=<UnbindBackward0>)"
"tensor(-0.5082, device='cuda:0', grad_fn=<UnbindBackward0>)","tensor(1.9308, device='cuda:0', grad_fn=<UnbindBackward0>)","tensor(-1.1091, device='cuda:0', grad_fn=<UnbindBackward0>)"
"tensor(-2.6948, device='cuda:0', grad_fn=<UnbindBackward0>)","tensor(1.7106, device='cuda:0', grad_fn=<UnbindBackward0>)","tensor(0.8409, device='cuda:0', grad_fn=<UnbindBackward0>)"
"tensor(-4.1138, device='cuda:0', grad_fn=<UnbindBackward0>)","tensor(5.0991, device='cuda:0', grad_fn=<UnbindBackward0>)","tensor(-1.0687, device='cuda:0', grad_fn=<UnbindBackward0>)"
"tensor(0.3144, device='cuda:0', grad_fn=<UnbindBackward0>)","tensor(-1.2563, device='cuda:0', grad_fn=<UnbindBackward0>)","tensor(1.4481, device='cuda:0', grad_fn=<UnbindBackward0>)"
"tensor(-0.1572, device='cuda:0', grad_fn=<UnbindBackward0>)","tensor(-1.6385, device='cuda:0', grad_fn=<UnbindBackward0>)","tensor(1.7399, device='cuda:0', grad_fn=<UnbindBackward0>)"
"tensor(-2.1376, device='cuda:0', grad_fn=<UnbindBackward0>)","tensor(0.8701, device='cuda:0', grad_fn=<UnbindBackward0>)","tensor(1.3085, device='cuda:0', grad_fn=<UnbindBackward0>)"
"tensor(-4.5558, device='cuda:0', grad_fn=<UnbindBackward0>)","tensor(5.2936, device='cuda:0', grad_fn=<UnbindBackward0>)","tensor(-0.0830, device='cuda:0', grad_fn=<UnbindBackward0>)"
"tensor(-0.5032, device='cuda:0', grad_fn=<UnbindBackward0>)","tensor(-1.7506, device='cuda:0', grad_fn=<UnbindBackward0>)","tensor(2.5575, device='cuda:0', grad_fn=<UnbindBackward0>)"
"tensor(0.0464, device='cuda:0', grad_fn=<UnbindBackward0>)","tensor(-0.2993, device='cuda:0', grad_fn=<UnbindBackward0>)","tensor(0.4053, device='cuda:0', grad_fn=<UnbindBackward0>)"
"tensor(-0.8604, device='cuda:0', grad_fn=<UnbindBackward0>)","tensor(0.0768, device='cuda:0', grad_fn=<UnbindBackward0>)","tensor(1.2738, device='cuda:0', grad_fn=<UnbindBackward0>)"
"tensor(-0.2536, device='cuda:0', grad_fn=<UnbindBackward0>)","tensor(0.0175, device='cuda:0', grad_fn=<UnbindBackward0>)","tensor(0.4915, device='cuda:0', grad_fn=<UnbindBackward0>)"
"tensor(-2.8162, device='cuda:0', grad_fn=<UnbindBackward0>)","tensor(6.8339, device='cuda:0', grad_fn=<UnbindBackward0>)","tensor(-4.0529, device='cuda:0', grad_fn=<UnbindBackward0>)"
"tensor(-4.1241, device='cuda:0', grad_fn=<UnbindBackward0>)","tensor(7.6131, device='cuda:0', grad_fn=<UnbindBackward0>)","tensor(-2.3071, device='cuda:0', grad_fn=<UnbindBackward0>)"
"tensor(-0.1815, device='cuda:0', grad_fn=<UnbindBackward0>)","tensor(0.0714, device='cuda:0', grad_fn=<UnbindBackward0>)","tensor(0.4763, device='cuda:0', grad_fn=<UnbindBackward0>)"
"tensor(-2.2067, device='cuda:0', grad_fn=<UnbindBackward0>)","tensor(0.7875, device='cuda:0', grad_fn=<UnbindBackward0>)","tensor(1.1255, device='cuda:0', grad_fn=<UnbindBackward0>)"
"tensor(-1.4589, device='cuda:0', grad_fn=<UnbindBackward0>)","tensor(1.1481, device='cuda:0', grad_fn=<UnbindBackward0>)","tensor(0.4499, device='cuda:0', grad_fn=<UnbindBackward0>)"
"tensor(-2.2048, device='cuda:0', grad_fn=<UnbindBackward0>)","tensor(1.8710, device='cuda:0', grad_fn=<UnbindBackward0>)","tensor(0.8307, device='cuda:0', grad_fn=<UnbindBackward0>)"
"tensor(-1.7994, device='cuda:0', grad_fn=<UnbindBackward0>)","tensor(1.8917, device='cuda:0', grad_fn=<UnbindBackward0>)","tensor(0.0246, device='cuda:0', grad_fn=<UnbindBackward0>)"
"tensor(-1.0728, device='cuda:0', grad_fn=<UnbindBackward0>)","tensor(2.2041, device='cuda:0', grad_fn=<UnbindBackward0>)","tensor(-1.2842, device='cuda:0', grad_fn=<UnbindBackward0>)"
"tensor(-1.8357, device='cuda:0', grad_fn=<UnbindBackward0>)","tensor(3.4926, device='cuda:0', grad_fn=<UnbindBackward0>)","tensor(-1.2622, device='cuda:0', grad_fn=<UnbindBackward0>)"
"tensor(-0.6010, device='cuda:0', grad_fn=<UnbindBackward0>)","tensor(2.3531, device='cuda:0', grad_fn=<UnbindBackward0>)","tensor(-1.6605, device='cuda:0', grad_fn=<UnbindBackward0>)"
"tensor(-1.6311, device='cuda:0', grad_fn=<UnbindBackward0>)","tensor(2.1775, device='cuda:0', grad_fn=<UnbindBackward0>)","tensor(0.2872, device='cuda:0', grad_fn=<UnbindBackward0>)"
"tensor(-0.5278, device='cuda:0', grad_fn=<UnbindBackward0>)","tensor(1.2861, device='cuda:0', grad_fn=<UnbindBackward0>)","tensor(-1.0666, device='cuda:0', grad_fn=<UnbindBackward0>)"
"tensor(-0.2183, device='cuda:0', grad_fn=<UnbindBackward0>)","tensor(0.6026, device='cuda:0', grad_fn=<UnbindBackward0>)","tensor(-0.2258, device='cuda:0', grad_fn=<UnbindBackward0>)"
"tensor(-0.6675, device='cuda:0', grad_fn=<UnbindBackward0>)","tensor(0.1452, device='cuda:0', grad_fn=<UnbindBackward0>)","tensor(0.5603, device='cuda:0', grad_fn=<UnbindBackward0>)"
"tensor(-0.5536, device='cuda:0', grad_fn=<UnbindBackward0>)","tensor(2.1178, device='cuda:0', grad_fn=<UnbindBackward0>)","tensor(-1.2006, device='cuda:0', grad_fn=<UnbindBackward0>)"
"tensor(-1.3118, device='cuda:0', grad_fn=<UnbindBackward0>)","tensor(-1.0116, device='cuda:0', grad_fn=<UnbindBackward0>)","tensor(2.2757, device='cuda:0', grad_fn=<UnbindBackward0>)"
"tensor(0.1067, device='cuda:0', grad_fn=<UnbindBackward0>)","tensor(-0.3193, device='cuda:0', grad_fn=<UnbindBackward0>)","tensor(0.3458, device='cuda:0', grad_fn=<UnbindBackward0>)"
"tensor(0.0478, device='cuda:0', grad_fn=<UnbindBackward0>)","tensor(-0.2858, device='cuda:0', grad_fn=<UnbindBackward0>)","tensor(0.3677, device='cuda:0', grad_fn=<UnbindBackward0>)"
"tensor(-0.7428, device='cuda:0', grad_fn=<UnbindBackward0>)","tensor(0.3768, device='cuda:0', grad_fn=<UnbindBackward0>)","tensor(0.3422, device='cuda:0', grad_fn=<UnbindBackward0>)"
"tensor(0.0383, device='cuda:0', grad_fn=<UnbindBackward0>)","tensor(-0.2781, device='cuda:0', grad_fn=<UnbindBackward0>)","tensor(0.3860, device='cuda:0', grad_fn=<UnbindBackward0>)"
"tensor(-0.1630, device='cuda:0', grad_fn=<UnbindBackward0>)","tensor(-0.4984, device='cuda:0', grad_fn=<UnbindBackward0>)","tensor(0.3863, device='cuda:0', grad_fn=<UnbindBackward0>)"
"tensor(0.0300, device='cuda:0', grad_fn=<UnbindBackward0>)","tensor(-0.2984, device='cuda:0', grad_fn=<UnbindBackward0>)","tensor(0.4080, device='cuda:0', grad_fn=<UnbindBackward0>)"
"tensor(-2.5236, device='cuda:0', grad_fn=<UnbindBackward0>)","tensor(3.8518, device='cuda:0', grad_fn=<UnbindBackward0>)","tensor(-1.1826, device='cuda:0', grad_fn=<UnbindBackward0>)"
"tensor(-1.2063, device='cuda:0', grad_fn=<UnbindBackward0>)","tensor(-1.2032, device='cuda:0', grad_fn=<UnbindBackward0>)","tensor(2.3530, device='cuda:0', grad_fn=<UnbindBackward0>)"
"tensor(-1.9582, device='cuda:0', grad_fn=<UnbindBackward0>)","tensor(2.4347, device='cuda:0', grad_fn=<UnbindBackward0>)","tensor(-0.2486, device='cuda:0', grad_fn=<UnbindBackward0>)"
"tensor(-1.3552, device='cuda:0', grad_fn=<UnbindBackward0>)","tensor(2.6860, device='cuda:0', grad_fn=<UnbindBackward0>)","tensor(-1.1997, device='cuda:0', grad_fn=<UnbindBackward0>)"
"tensor(0.0629, device='cuda:0', grad_fn=<UnbindBackward0>)","tensor(-0.3012, device='cuda:0', grad_fn=<UnbindBackward0>)","tensor(0.3745, device='cuda:0', grad_fn=<UnbindBackward0>)"
"tensor(0.2174, device='cuda:0', grad_fn=<UnbindBackward0>)","tensor(-0.0842, device='cuda:0', grad_fn=<UnbindBackward0>)","tensor(-0.3871, device='cuda:0', grad_fn=<UnbindBackward0>)"
"tensor(-2.5108, device='cuda:0', grad_fn=<UnbindBackward0>)","tensor(1.7485, device='cuda:0', grad_fn=<UnbindBackward0>)","tensor(0.7582, device='cuda:0', grad_fn=<UnbindBackward0>)"
"tensor(-0.5931, device='cuda:0', grad_fn=<UnbindBackward0>)","tensor(-1.6919, device='cuda:0', grad_fn=<UnbindBackward0>)","tensor(2.5230, device='cuda:0', grad_fn=<UnbindBackward0>)"
"tensor(-1.1155, device='cuda:0', grad_fn=<UnbindBackward0>)","tensor(1.9845, device='cuda:0', grad_fn=<UnbindBackward0>)","tensor(-0.3073, device='cuda:0', grad_fn=<UnbindBackward0>)"
"tensor(0.6541, device='cuda:0', grad_fn=<UnbindBackward0>)","tensor(-0.7021, device='cuda:0', grad_fn=<UnbindBackward0>)","tensor(0.0580, device='cuda:0', grad_fn=<UnbindBackward0>)"
"tensor(-0.0845, device='cuda:0', grad_fn=<UnbindBackward0>)","tensor(0.0705, device='cuda:0', grad_fn=<UnbindBackward0>)","tensor(0.1459, device='cuda:0', grad_fn=<UnbindBackward0>)"
"tensor(-2.2449, device='cuda:0', grad_fn=<UnbindBackward0>)","tensor(0.7880, device='cuda:0', grad_fn=<UnbindBackward0>)","tensor(0.9954, device='cuda:0', grad_fn=<UnbindBackward0>)"
"tensor(-3.9526, device='cuda:0', grad_fn=<UnbindBackward0>)","tensor(1.7161, device='cuda:0', grad_fn=<UnbindBackward0>)","tensor(2.4087, device='cuda:0', grad_fn=<UnbindBackward0>)"
"tensor(-1.6404, device='cuda:0', grad_fn=<UnbindBackward0>)","tensor(0.6437, device='cuda:0', grad_fn=<UnbindBackward0>)","tensor(1.3073, device='cuda:0', grad_fn=<UnbindBackward0>)"
"tensor(0.5198, device='cuda:0', grad_fn=<UnbindBackward0>)","tensor(-2.6006, device='cuda:0', grad_fn=<UnbindBackward0>)","tensor(1.6695, device='cuda:0', grad_fn=<UnbindBackward0>)"
"tensor(-2.1019, device='cuda:0', grad_fn=<UnbindBackward0>)","tensor(1.6823, device='cuda:0', grad_fn=<UnbindBackward0>)","tensor(1.0975, device='cuda:0', grad_fn=<UnbindBackward0>)"
"tensor(-2.5816, device='cuda:0', grad_fn=<UnbindBackward0>)","tensor(5.7532, device='cuda:0', grad_fn=<UnbindBackward0>)","tensor(-2.6909, device='cuda:0', grad_fn=<UnbindBackward0>)"
"tensor(-3.4678, device='cuda:0', grad_fn=<UnbindBackward0>)","tensor(9.8701, device='cuda:0', grad_fn=<UnbindBackward0>)","tensor(-6.2786, device='cuda:0', grad_fn=<UnbindBackward0>)"
"tensor(-2.4691, device='cuda:0', grad_fn=<UnbindBackward0>)","tensor(-2.7122, device='cuda:0', grad_fn=<UnbindBackward0>)","tensor(5.5286, device='cuda:0', grad_fn=<UnbindBackward0>)"
"tensor(1.3068, device='cuda:0', grad_fn=<UnbindBackward0>)","tensor(-3.4388, device='cuda:0', grad_fn=<UnbindBackward0>)","tensor(1.9058, device='cuda:0', grad_fn=<UnbindBackward0>)"
"tensor(0.2735, device='cuda:0', grad_fn=<UnbindBackward0>)","tensor(4.0348, device='cuda:0', grad_fn=<UnbindBackward0>)","tensor(-4.9624, device='cuda:0', grad_fn=<UnbindBackward0>)"
"tensor(1.4852, device='cuda:0', grad_fn=<UnbindBackward0>)","tensor(-1.9675, device='cuda:0', grad_fn=<UnbindBackward0>)","tensor(0.7541, device='cuda:0', grad_fn=<UnbindBackward0>)"
"tensor(-3.7869, device='cuda:0', grad_fn=<UnbindBackward0>)","tensor(5.0888, device='cuda:0', grad_fn=<UnbindBackward0>)","tensor(-0.9739, device='cuda:0', grad_fn=<UnbindBackward0>)"
"tensor(1.4612, device='cuda:0', grad_fn=<UnbindBackward0>)","tensor(-3.7321, device='cuda:0', grad_fn=<UnbindBackward0>)","tensor(2.0172, device='cuda:0', grad_fn=<UnbindBackward0>)"
"tensor(-0.6146, device='cuda:0', grad_fn=<UnbindBackward0>)","tensor(-0.3743, device='cuda:0', grad_fn=<UnbindBackward0>)","tensor(1.4159, device='cuda:0', grad_fn=<UnbindBackward0>)"
"tensor(0.9275, device='cuda:0', grad_fn=<UnbindBackward0>)","tensor(-1.5164, device='cuda:0', grad_fn=<UnbindBackward0>)","tensor(1.0588, device='cuda:0', grad_fn=<UnbindBackward0>)"
"tensor(-0.9966, device='cuda:0', grad_fn=<UnbindBackward0>)","tensor(0.6608, device='cuda:0', grad_fn=<UnbindBackward0>)","tensor(0.2798, device='cuda:0', grad_fn=<UnbindBackward0>)"
"tensor(-0.3382, device='cuda:0', grad_fn=<UnbindBackward0>)","tensor(-0.5831, device='cuda:0', grad_fn=<UnbindBackward0>)","tensor(0.5800, device='cuda:0', grad_fn=<UnbindBackward0>)"
"tensor(-1.5793, device='cuda:0', grad_fn=<UnbindBackward0>)","tensor(1.6064, device='cuda:0', grad_fn=<UnbindBackward0>)","tensor(-0.1705, device='cuda:0', grad_fn=<UnbindBackward0>)"
"tensor(-0.3720, device='cuda:0', grad_fn=<UnbindBackward0>)","tensor(1.0355, device='cuda:0', grad_fn=<UnbindBackward0>)","tensor(-0.8991, device='cuda:0', grad_fn=<UnbindBackward0>)"
"tensor(-1.7137, device='cuda:0', grad_fn=<UnbindBackward0>)","tensor(-2.6143, device='cuda:0', grad_fn=<UnbindBackward0>)","tensor(4.0707, device='cuda:0', grad_fn=<UnbindBackward0>)"
"tensor(-1.5884, device='cuda:0', grad_fn=<UnbindBackward0>)","tensor(2.8938, device='cuda:0', grad_fn=<UnbindBackward0>)","tensor(-1.4881, device='cuda:0', grad_fn=<UnbindBackward0>)"
"tensor(-2.5923, device='cuda:0', grad_fn=<UnbindBackward0>)","tensor(6.0888, device='cuda:0', grad_fn=<UnbindBackward0>)","tensor(-3.2289, device='cuda:0', grad_fn=<UnbindBackward0>)"
"tensor(-0.4534, device='cuda:0', grad_fn=<UnbindBackward0>)","tensor(2.8242, device='cuda:0', grad_fn=<UnbindBackward0>)","tensor(-2.8034, device='cuda:0', grad_fn=<UnbindBackward0>)"
"tensor(0.6501, device='cuda:0', grad_fn=<UnbindBackward0>)","tensor(-2.8398, device='cuda:0', grad_fn=<UnbindBackward0>)","tensor(1.2728, device='cuda:0', grad_fn=<UnbindBackward0>)"
"tensor(-3.1210, device='cuda:0', grad_fn=<UnbindBackward0>)","tensor(4.5109, device='cuda:0', grad_fn=<UnbindBackward0>)","tensor(-1.3306, device='cuda:0', grad_fn=<UnbindBackward0>)"
"tensor(-3.2788, device='cuda:0', grad_fn=<UnbindBackward0>)","tensor(2.0033, device='cuda:0', grad_fn=<UnbindBackward0>)","tensor(1.7773, device='cuda:0', grad_fn=<UnbindBackward0>)"
"tensor(0.0277, device='cuda:0', grad_fn=<UnbindBackward0>)","tensor(0.3632, device='cuda:0', grad_fn=<UnbindBackward0>)","tensor(-0.3583, device='cuda:0', grad_fn=<UnbindBackward0>)"
"tensor(-0.3526, device='cuda:0', grad_fn=<UnbindBackward0>)","tensor(-0.7429, device='cuda:0', grad_fn=<UnbindBackward0>)","tensor(1.2778, device='cuda:0', grad_fn=<UnbindBackward0>)"
"tensor(-1.3937, device='cuda:0', grad_fn=<UnbindBackward0>)","tensor(2.9636, device='cuda:0', grad_fn=<UnbindBackward0>)","tensor(-1.2203, device='cuda:0', grad_fn=<UnbindBackward0>)"
"tensor(0.5893, device='cuda:0', grad_fn=<UnbindBackward0>)","tensor(-0.0881, device='cuda:0', grad_fn=<UnbindBackward0>)","tensor(-0.0694, device='cuda:0', grad_fn=<UnbindBackward0>)"
"tensor(-2.3931, device='cuda:0', grad_fn=<UnbindBackward0>)","tensor(4.1852, device='cuda:0', grad_fn=<UnbindBackward0>)","tensor(-1.0647, device='cuda:0', grad_fn=<UnbindBackward0>)"
"tensor(0.3921, device='cuda:0', grad_fn=<UnbindBackward0>)","tensor(-1.1216, device='cuda:0', grad_fn=<UnbindBackward0>)","tensor(0.6508, device='cuda:0', grad_fn=<UnbindBackward0>)"
"tensor(0.2054, device='cuda:0', grad_fn=<UnbindBackward0>)","tensor(-0.3492, device='cuda:0', grad_fn=<UnbindBackward0>)","tensor(0.4420, device='cuda:0', grad_fn=<UnbindBackward0>)"
"tensor(0.3075, device='cuda:0', grad_fn=<UnbindBackward0>)","tensor(-2.1985, device='cuda:0', grad_fn=<UnbindBackward0>)","tensor(1.9539, device='cuda:0', grad_fn=<UnbindBackward0>)"
"tensor(-0.9961, device='cuda:0', grad_fn=<UnbindBackward0>)","tensor(0.4886, device='cuda:0', grad_fn=<UnbindBackward0>)","tensor(0.8879, device='cuda:0', grad_fn=<UnbindBackward0>)"
"tensor(-1.3289, device='cuda:0', grad_fn=<UnbindBackward0>)","tensor(0.0241, device='cuda:0', grad_fn=<UnbindBackward0>)","tensor(1.4520, device='cuda:0', grad_fn=<UnbindBackward0>)"
"tensor(-0.1989, device='cuda:0', grad_fn=<UnbindBackward0>)","tensor(3.1621, device='cuda:0', grad_fn=<UnbindBackward0>)","tensor(-2.8518, device='cuda:0', grad_fn=<UnbindBackward0>)"
"tensor(-1.1977, device='cuda:0', grad_fn=<UnbindBackward0>)","tensor(2.3857, device='cuda:0', grad_fn=<UnbindBackward0>)","tensor(-0.6899, device='cuda:0', grad_fn=<UnbindBackward0>)"
"tensor(-1.7005, device='cuda:0', grad_fn=<UnbindBackward0>)","tensor(0.6463, device='cuda:0', grad_fn=<UnbindBackward0>)","tensor(1.2538, device='cuda:0', grad_fn=<UnbindBackward0>)"
"tensor(-1.5689, device='cuda:0', grad_fn=<UnbindBackward0>)","tensor(-1.3167, device='cuda:0', grad_fn=<UnbindBackward0>)","tensor(2.9069, device='cuda:0', grad_fn=<UnbindBackward0>)"
"tensor(0.2585, device='cuda:0', grad_fn=<UnbindBackward0>)","tensor(0.3272, device='cuda:0', grad_fn=<UnbindBackward0>)","tensor(-0.5976, device='cuda:0', grad_fn=<UnbindBackward0>)"
"tensor(0.1006, device='cuda:0', grad_fn=<UnbindBackward0>)","tensor(-0.3744, device='cuda:0', grad_fn=<UnbindBackward0>)","tensor(0.3509, device='cuda:0', grad_fn=<UnbindBackward0>)"
"tensor(-0.0800, device='cuda:0', grad_fn=<UnbindBackward0>)","tensor(-2.0374, device='cuda:0', grad_fn=<UnbindBackward0>)","tensor(2.6563, device='cuda:0', grad_fn=<UnbindBackward0>)"
"tensor(-2.2200, device='cuda:0', grad_fn=<UnbindBackward0>)","tensor(4.8726, device='cuda:0', grad_fn=<UnbindBackward0>)","tensor(-2.6297, device='cuda:0', grad_fn=<UnbindBackward0>)"
"tensor(-0.8881, device='cuda:0', grad_fn=<UnbindBackward0>)","tensor(0.5299, device='cuda:0', grad_fn=<UnbindBackward0>)","tensor(0.5651, device='cuda:0', grad_fn=<UnbindBackward0>)"
"tensor(-2.4697, device='cuda:0', grad_fn=<UnbindBackward0>)","tensor(5.2998, device='cuda:0', grad_fn=<UnbindBackward0>)","tensor(-1.8690, device='cuda:0', grad_fn=<UnbindBackward0>)"
"tensor(-2.1997, device='cuda:0', grad_fn=<UnbindBackward0>)","tensor(3.8780, device='cuda:0', grad_fn=<UnbindBackward0>)","tensor(-0.3063, device='cuda:0', grad_fn=<UnbindBackward0>)"
"tensor(-6.1954, device='cuda:0', grad_fn=<UnbindBackward0>)","tensor(7.2982, device='cuda:0', grad_fn=<UnbindBackward0>)","tensor(-0.7125, device='cuda:0', grad_fn=<UnbindBackward0>)"
"tensor(-0.5135, device='cuda:0', grad_fn=<UnbindBackward0>)","tensor(3.0269, device='cuda:0', grad_fn=<UnbindBackward0>)","tensor(-2.9663, device='cuda:0', grad_fn=<UnbindBackward0>)"
"tensor(-2.5995, device='cuda:0', grad_fn=<UnbindBackward0>)","tensor(0.4171, device='cuda:0', grad_fn=<UnbindBackward0>)","tensor(2.1574, device='cuda:0', grad_fn=<UnbindBackward0>)"
"tensor(0.2011, device='cuda:0', grad_fn=<UnbindBackward0>)","tensor(2.1656, device='cuda:0', grad_fn=<UnbindBackward0>)","tensor(-1.7301, device='cuda:0', grad_fn=<UnbindBackward0>)"
"tensor(-2.8232, device='cuda:0', grad_fn=<UnbindBackward0>)","tensor(5.5712, device='cuda:0', grad_fn=<UnbindBackward0>)","tensor(-3.1781, device='cuda:0', grad_fn=<UnbindBackward0>)"
"tensor(-3.2018, device='cuda:0', grad_fn=<UnbindBackward0>)","tensor(4.2509, device='cuda:0', grad_fn=<UnbindBackward0>)","tensor(-0.7937, device='cuda:0', grad_fn=<UnbindBackward0>)"
"tensor(-0.5308, device='cuda:0', grad_fn=<UnbindBackward0>)","tensor(1.3225, device='cuda:0', grad_fn=<UnbindBackward0>)","tensor(-0.5822, device='cuda:0', grad_fn=<UnbindBackward0>)"
"tensor(0.0016, device='cuda:0', grad_fn=<UnbindBackward0>)","tensor(-0.7807, device='cuda:0', grad_fn=<UnbindBackward0>)","tensor(1.1204, device='cuda:0', grad_fn=<UnbindBackward0>)"
"tensor(2.0928, device='cuda:0', grad_fn=<UnbindBackward0>)","tensor(0.8208, device='cuda:0', grad_fn=<UnbindBackward0>)","tensor(-2.4936, device='cuda:0', grad_fn=<UnbindBackward0>)"
"tensor(0.3721, device='cuda:0', grad_fn=<UnbindBackward0>)","tensor(-1.4871, device='cuda:0', grad_fn=<UnbindBackward0>)","tensor(1.3434, device='cuda:0', grad_fn=<UnbindBackward0>)"
"tensor(-0.3182, device='cuda:0', grad_fn=<UnbindBackward0>)","tensor(-0.1660, device='cuda:0', grad_fn=<UnbindBackward0>)","tensor(0.4640, device='cuda:0', grad_fn=<UnbindBackward0>)"
"tensor(0.0277, device='cuda:0', grad_fn=<UnbindBackward0>)","tensor(0.1926, device='cuda:0', grad_fn=<UnbindBackward0>)","tensor(-0.1536, device='cuda:0', grad_fn=<UnbindBackward0>)"
"tensor(0.5519, device='cuda:0', grad_fn=<UnbindBackward0>)","tensor(0.9398, device='cuda:0', grad_fn=<UnbindBackward0>)","tensor(-1.1065, device='cuda:0', grad_fn=<UnbindBackward0>)"
"tensor(-1.2844, device='cuda:0', grad_fn=<UnbindBackward0>)","tensor(4.5296, device='cuda:0', grad_fn=<UnbindBackward0>)","tensor(-3.3652, device='cuda:0', grad_fn=<UnbindBackward0>)"
"tensor(-3.5305, device='cuda:0', grad_fn=<UnbindBackward0>)","tensor(4.9415, device='cuda:0', grad_fn=<UnbindBackward0>)","tensor(-0.7696, device='cuda:0', grad_fn=<UnbindBackward0>)"
"tensor(-1.1325, device='cuda:0', grad_fn=<UnbindBackward0>)","tensor(-0.3285, device='cuda:0', grad_fn=<UnbindBackward0>)","tensor(1.6122, device='cuda:0', grad_fn=<UnbindBackward0>)"
"tensor(-1.1593, device='cuda:0', grad_fn=<UnbindBackward0>)","tensor(0.5702, device='cuda:0', grad_fn=<UnbindBackward0>)","tensor(0.6069, device='cuda:0', grad_fn=<UnbindBackward0>)"
"tensor(-1.5377, device='cuda:0', grad_fn=<UnbindBackward0>)","tensor(2.1451, device='cuda:0', grad_fn=<UnbindBackward0>)","tensor(0.0477, device='cuda:0', grad_fn=<UnbindBackward0>)"
"tensor(-0.4426, device='cuda:0', grad_fn=<UnbindBackward0>)","tensor(1.0880, device='cuda:0', grad_fn=<UnbindBackward0>)","tensor(-0.1215, device='cuda:0', grad_fn=<UnbindBackward0>)"
"tensor(-0.2956, device='cuda:0', grad_fn=<UnbindBackward0>)","tensor(1.0010, device='cuda:0', grad_fn=<UnbindBackward0>)","tensor(-1.1372, device='cuda:0', grad_fn=<UnbindBackward0>)"
"tensor(-7.4620, device='cuda:0', grad_fn=<UnbindBackward0>)","tensor(9.0770, device='cuda:0', grad_fn=<UnbindBackward0>)","tensor(-1.5969, device='cuda:0', grad_fn=<UnbindBackward0>)"
"tensor(-0.2317, device='cuda:0', grad_fn=<UnbindBackward0>)","tensor(-2.0496, device='cuda:0', grad_fn=<UnbindBackward0>)","tensor(2.1958, device='cuda:0', grad_fn=<UnbindBackward0>)"
"tensor(-1.9864, device='cuda:0', grad_fn=<UnbindBackward0>)","tensor(2.3692, device='cuda:0', grad_fn=<UnbindBackward0>)","tensor(-0.2846, device='cuda:0', grad_fn=<UnbindBackward0>)"
"tensor(-2.8418, device='cuda:0', grad_fn=<UnbindBackward0>)","tensor(0.5421, device='cuda:0', grad_fn=<UnbindBackward0>)","tensor(2.5680, device='cuda:0', grad_fn=<UnbindBackward0>)"
"tensor(-1.3613, device='cuda:0', grad_fn=<UnbindBackward0>)","tensor(1.0739, device='cuda:0', grad_fn=<UnbindBackward0>)","tensor(0.0933, device='cuda:0', grad_fn=<UnbindBackward0>)"
"tensor(0.0141, device='cuda:0', grad_fn=<UnbindBackward0>)","tensor(0.0961, device='cuda:0', grad_fn=<UnbindBackward0>)","tensor(0.1222, device='cuda:0', grad_fn=<UnbindBackward0>)"
"tensor(-0.5837, device='cuda:0', grad_fn=<UnbindBackward0>)","tensor(0.3735, device='cuda:0', grad_fn=<UnbindBackward0>)","tensor(0.2211, device='cuda:0', grad_fn=<UnbindBackward0>)"
"tensor(-1.9202, device='cuda:0', grad_fn=<UnbindBackward0>)","tensor(0.6943, device='cuda:0', grad_fn=<UnbindBackward0>)","tensor(1.0821, device='cuda:0', grad_fn=<UnbindBackward0>)"
"tensor(-0.6636, device='cuda:0', grad_fn=<UnbindBackward0>)","tensor(1.7742, device='cuda:0', grad_fn=<UnbindBackward0>)","tensor(-1.2603, device='cuda:0', grad_fn=<UnbindBackward0>)"
"tensor(-1.2984, device='cuda:0', grad_fn=<UnbindBackward0>)","tensor(3.6149, device='cuda:0', grad_fn=<UnbindBackward0>)","tensor(-2.5274, device='cuda:0', grad_fn=<UnbindBackward0>)"
"tensor(-4.5913, device='cuda:0', grad_fn=<UnbindBackward0>)","tensor(6.8191, device='cuda:0', grad_fn=<UnbindBackward0>)","tensor(-2.1469, device='cuda:0', grad_fn=<UnbindBackward0>)"
"tensor(-2.0118, device='cuda:0', grad_fn=<UnbindBackward0>)","tensor(0.6676, device='cuda:0', grad_fn=<UnbindBackward0>)","tensor(1.6253, device='cuda:0', grad_fn=<UnbindBackward0>)"
"tensor(-1.4930, device='cuda:0', grad_fn=<UnbindBackward0>)","tensor(4.5678, device='cuda:0', grad_fn=<UnbindBackward0>)","tensor(-3.4172, device='cuda:0', grad_fn=<UnbindBackward0>)"
"tensor(-0.0886, device='cuda:0', grad_fn=<UnbindBackward0>)","tensor(-0.2909, device='cuda:0', grad_fn=<UnbindBackward0>)","tensor(0.8660, device='cuda:0', grad_fn=<UnbindBackward0>)"
"tensor(-1.2633, device='cuda:0', grad_fn=<UnbindBackward0>)","tensor(1.3511, device='cuda:0', grad_fn=<UnbindBackward0>)","tensor(0.4463, device='cuda:0', grad_fn=<UnbindBackward0>)"
"tensor(-0.6907, device='cuda:0', grad_fn=<UnbindBackward0>)","tensor(0.4054, device='cuda:0', grad_fn=<UnbindBackward0>)","tensor(0.5626, device='cuda:0', grad_fn=<UnbindBackward0>)"
"tensor(-2.8748, device='cuda:0', grad_fn=<UnbindBackward0>)","tensor(2.2171, device='cuda:0', grad_fn=<UnbindBackward0>)","tensor(0.7233, device='cuda:0', grad_fn=<UnbindBackward0>)"
"tensor(-0.7244, device='cuda:0', grad_fn=<UnbindBackward0>)","tensor(0.6758, device='cuda:0', grad_fn=<UnbindBackward0>)","tensor(-0.1182, device='cuda:0', grad_fn=<UnbindBackward0>)"
"tensor(-0.2140, device='cuda:0', grad_fn=<UnbindBackward0>)","tensor(-0.2098, device='cuda:0', grad_fn=<UnbindBackward0>)","tensor(0.3225, device='cuda:0', grad_fn=<UnbindBackward0>)"
"tensor(-4.8594, device='cuda:0', grad_fn=<UnbindBackward0>)","tensor(5.8714, device='cuda:0', grad_fn=<UnbindBackward0>)","tensor(-0.4588, device='cuda:0', grad_fn=<UnbindBackward0>)"
"tensor(-3.1624, device='cuda:0', grad_fn=<UnbindBackward0>)","tensor(2.2487, device='cuda:0', grad_fn=<UnbindBackward0>)","tensor(1.0569, device='cuda:0', grad_fn=<UnbindBackward0>)"
"tensor(-2.9907, device='cuda:0', grad_fn=<UnbindBackward0>)","tensor(1.5275, device='cuda:0', grad_fn=<UnbindBackward0>)","tensor(2.1143, device='cuda:0', grad_fn=<UnbindBackward0>)"
"tensor(-1.0022, device='cuda:0', grad_fn=<UnbindBackward0>)","tensor(1.6888, device='cuda:0', grad_fn=<UnbindBackward0>)","tensor(-0.3160, device='cuda:0', grad_fn=<UnbindBackward0>)"
"tensor(-1.3175, device='cuda:0', grad_fn=<UnbindBackward0>)","tensor(4.0264, device='cuda:0', grad_fn=<UnbindBackward0>)","tensor(-2.2752, device='cuda:0', grad_fn=<UnbindBackward0>)"
"tensor(-1.7479, device='cuda:0', grad_fn=<UnbindBackward0>)","tensor(0.3866, device='cuda:0', grad_fn=<UnbindBackward0>)","tensor(1.2019, device='cuda:0', grad_fn=<UnbindBackward0>)"
"tensor(-2.7405, device='cuda:0', grad_fn=<UnbindBackward0>)","tensor(4.8188, device='cuda:0', grad_fn=<UnbindBackward0>)","tensor(-1.9670, device='cuda:0', grad_fn=<UnbindBackward0>)"
"tensor(0.2780, device='cuda:0', grad_fn=<UnbindBackward0>)","tensor(-0.5125, device='cuda:0', grad_fn=<UnbindBackward0>)","tensor(0.3901, device='cuda:0', grad_fn=<UnbindBackward0>)"
"tensor(-4.5855, device='cuda:0', grad_fn=<UnbindBackward0>)","tensor(2.3096, device='cuda:0', grad_fn=<UnbindBackward0>)","tensor(2.4206, device='cuda:0', grad_fn=<UnbindBackward0>)"
"tensor(-1.2735, device='cuda:0', grad_fn=<UnbindBackward0>)","tensor(0.1118, device='cuda:0', grad_fn=<UnbindBackward0>)","tensor(1.0153, device='cuda:0', grad_fn=<UnbindBackward0>)"
"tensor(-5.1667, device='cuda:0', grad_fn=<UnbindBackward0>)","tensor(7.5133, device='cuda:0', grad_fn=<UnbindBackward0>)","tensor(-3.3629, device='cuda:0', grad_fn=<UnbindBackward0>)"
"tensor(-2.8606, device='cuda:0', grad_fn=<UnbindBackward0>)","tensor(1.5725, device='cuda:0', grad_fn=<UnbindBackward0>)","tensor(1.1603, device='cuda:0', grad_fn=<UnbindBackward0>)"
"tensor(0.4166, device='cuda:0', grad_fn=<UnbindBackward0>)","tensor(1.5186, device='cuda:0', grad_fn=<UnbindBackward0>)","tensor(-1.5401, device='cuda:0', grad_fn=<UnbindBackward0>)"
"tensor(-0.7803, device='cuda:0', grad_fn=<UnbindBackward0>)","tensor(-0.0295, device='cuda:0', grad_fn=<UnbindBackward0>)","tensor(0.6220, device='cuda:0', grad_fn=<UnbindBackward0>)"
"tensor(-2.4846, device='cuda:0', grad_fn=<UnbindBackward0>)","tensor(4.7420, device='cuda:0', grad_fn=<UnbindBackward0>)","tensor(-1.7059, device='cuda:0', grad_fn=<UnbindBackward0>)"
"tensor(1.2244, device='cuda:0', grad_fn=<UnbindBackward0>)","tensor(-1.1092, device='cuda:0', grad_fn=<UnbindBackward0>)","tensor(0.2540, device='cuda:0', grad_fn=<UnbindBackward0>)"
"tensor(-0.0034, device='cuda:0', grad_fn=<UnbindBackward0>)","tensor(-2.0725, device='cuda:0', grad_fn=<UnbindBackward0>)","tensor(1.5580, device='cuda:0', grad_fn=<UnbindBackward0>)"
"tensor(-2.4586, device='cuda:0', grad_fn=<UnbindBackward0>)","tensor(-1.8826, device='cuda:0', grad_fn=<UnbindBackward0>)","tensor(4.2115, device='cuda:0', grad_fn=<UnbindBackward0>)"
"tensor(-1.9963, device='cuda:0', grad_fn=<UnbindBackward0>)","tensor(-0.7624, device='cuda:0', grad_fn=<UnbindBackward0>)","tensor(2.7278, device='cuda:0', grad_fn=<UnbindBackward0>)"
"tensor(-1.6522, device='cuda:0', grad_fn=<UnbindBackward0>)","tensor(-0.1548, device='cuda:0', grad_fn=<UnbindBackward0>)","tensor(1.7184, device='cuda:0', grad_fn=<UnbindBackward0>)"
"tensor(-0.9979, device='cuda:0', grad_fn=<UnbindBackward0>)","tensor(-0.7341, device='cuda:0', grad_fn=<UnbindBackward0>)","tensor(1.8489, device='cuda:0', grad_fn=<UnbindBackward0>)"
"tensor(-0.2127, device='cuda:0', grad_fn=<UnbindBackward0>)","tensor(-1.2470, device='cuda:0', grad_fn=<UnbindBackward0>)","tensor(1.6054, device='cuda:0', grad_fn=<UnbindBackward0>)"
"tensor(-0.5882, device='cuda:0', grad_fn=<UnbindBackward0>)","tensor(-1.3657, device='cuda:0', grad_fn=<UnbindBackward0>)","tensor(1.6719, device='cuda:0', grad_fn=<UnbindBackward0>)"
"tensor(-1.3408, device='cuda:0', grad_fn=<UnbindBackward0>)","tensor(-0.9956, device='cuda:0', grad_fn=<UnbindBackward0>)","tensor(2.3153, device='cuda:0', grad_fn=<UnbindBackward0>)"
"tensor(-1.2960, device='cuda:0', grad_fn=<UnbindBackward0>)","tensor(0.9622, device='cuda:0', grad_fn=<UnbindBackward0>)","tensor(0.4257, device='cuda:0', grad_fn=<UnbindBackward0>)"
"tensor(-0.2762, device='cuda:0', grad_fn=<UnbindBackward0>)","tensor(-2.1304, device='cuda:0', grad_fn=<UnbindBackward0>)","tensor(2.4931, device='cuda:0', grad_fn=<UnbindBackward0>)"
"tensor(-0.7874, device='cuda:0', grad_fn=<UnbindBackward0>)","tensor(-0.6143, device='cuda:0', grad_fn=<UnbindBackward0>)","tensor(1.5115, device='cuda:0', grad_fn=<UnbindBackward0>)"
"tensor(-1.2849, device='cuda:0', grad_fn=<UnbindBackward0>)","tensor(-1.7597, device='cuda:0', grad_fn=<UnbindBackward0>)","tensor(2.5221, device='cuda:0', grad_fn=<UnbindBackward0>)"
"tensor(-0.6063, device='cuda:0', grad_fn=<UnbindBackward0>)","tensor(-0.8329, device='cuda:0', grad_fn=<UnbindBackward0>)","tensor(1.6361, device='cuda:0', grad_fn=<UnbindBackward0>)"
"tensor(-0.4983, device='cuda:0', grad_fn=<UnbindBackward0>)","tensor(-1.8042, device='cuda:0', grad_fn=<UnbindBackward0>)","tensor(1.9055, device='cuda:0', grad_fn=<UnbindBackward0>)"
"tensor(-0.1152, device='cuda:0', grad_fn=<UnbindBackward0>)","tensor(-0.3513, device='cuda:0', grad_fn=<UnbindBackward0>)","tensor(0.5275, device='cuda:0', grad_fn=<UnbindBackward0>)"
"tensor(-0.1937, device='cuda:0', grad_fn=<UnbindBackward0>)","tensor(-2.0118, device='cuda:0', grad_fn=<UnbindBackward0>)","tensor(2.1244, device='cuda:0', grad_fn=<UnbindBackward0>)"
"tensor(2.8131, device='cuda:0', grad_fn=<UnbindBackward0>)","tensor(-3.1567, device='cuda:0', grad_fn=<UnbindBackward0>)","tensor(0.1357, device='cuda:0', grad_fn=<UnbindBackward0>)"
"tensor(-1.1082, device='cuda:0', grad_fn=<UnbindBackward0>)","tensor(-0.4138, device='cuda:0', grad_fn=<UnbindBackward0>)","tensor(1.6171, device='cuda:0', grad_fn=<UnbindBackward0>)"
"tensor(-1.2276, device='cuda:0', grad_fn=<UnbindBackward0>)","tensor(-2.5808, device='cuda:0', grad_fn=<UnbindBackward0>)","tensor(3.0971, device='cuda:0', grad_fn=<UnbindBackward0>)"
"tensor(0.0294, device='cuda:0', grad_fn=<UnbindBackward0>)","tensor(-0.2802, device='cuda:0', grad_fn=<UnbindBackward0>)","tensor(0.3652, device='cuda:0', grad_fn=<UnbindBackward0>)"
"tensor(0.0590, device='cuda:0', grad_fn=<UnbindBackward0>)","tensor(-0.2939, device='cuda:0', grad_fn=<UnbindBackward0>)","tensor(0.3761, device='cuda:0', grad_fn=<UnbindBackward0>)"
"tensor(0.7951, device='cuda:0', grad_fn=<UnbindBackward0>)","tensor(-1.7163, device='cuda:0', grad_fn=<UnbindBackward0>)","tensor(0.9287, device='cuda:0', grad_fn=<UnbindBackward0>)"
"tensor(-3.4033, device='cuda:0', grad_fn=<UnbindBackward0>)","tensor(0.3256, device='cuda:0', grad_fn=<UnbindBackward0>)","tensor(2.8833, device='cuda:0', grad_fn=<UnbindBackward0>)"
"tensor(-1.7351, device='cuda:0', grad_fn=<UnbindBackward0>)","tensor(-0.7073, device='cuda:0', grad_fn=<UnbindBackward0>)","tensor(2.4859, device='cuda:0', grad_fn=<UnbindBackward0>)"
"tensor(0.1797, device='cuda:0', grad_fn=<UnbindBackward0>)","tensor(-1.8477, device='cuda:0', grad_fn=<UnbindBackward0>)","tensor(1.7998, device='cuda:0', grad_fn=<UnbindBackward0>)"
"tensor(-3.2819, device='cuda:0', grad_fn=<UnbindBackward0>)","tensor(2.6555, device='cuda:0', grad_fn=<UnbindBackward0>)","tensor(1.0260, device='cuda:0', grad_fn=<UnbindBackward0>)"
"tensor(1.5439, device='cuda:0', grad_fn=<UnbindBackward0>)","tensor(-1.6833, device='cuda:0', grad_fn=<UnbindBackward0>)","tensor(-0.2062, device='cuda:0', grad_fn=<UnbindBackward0>)"
