"tensor(0.1790, device='cuda:0', grad_fn=<UnbindBackward0>)","tensor(-0.0394, device='cuda:0', grad_fn=<UnbindBackward0>)","tensor(0.0964, device='cuda:0', grad_fn=<UnbindBackward0>)"
"tensor(0.1451, device='cuda:0', grad_fn=<UnbindBackward0>)","tensor(0.0391, device='cuda:0', grad_fn=<UnbindBackward0>)","tensor(0.0005, device='cuda:0', grad_fn=<UnbindBackward0>)"
"tensor(0.1803, device='cuda:0', grad_fn=<UnbindBackward0>)","tensor(0.0443, device='cuda:0', grad_fn=<UnbindBackward0>)","tensor(-0.0743, device='cuda:0', grad_fn=<UnbindBackward0>)"
"tensor(0.2686, device='cuda:0', grad_fn=<UnbindBackward0>)","tensor(-0.0538, device='cuda:0', grad_fn=<UnbindBackward0>)","tensor(0.0631, device='cuda:0', grad_fn=<UnbindBackward0>)"
"tensor(0.4331, device='cuda:0', grad_fn=<UnbindBackward0>)","tensor(-0.1739, device='cuda:0', grad_fn=<UnbindBackward0>)","tensor(0.1764, device='cuda:0', grad_fn=<UnbindBackward0>)"
"tensor(0.1444, device='cuda:0', grad_fn=<UnbindBackward0>)","tensor(0.0074, device='cuda:0', grad_fn=<UnbindBackward0>)","tensor(0.0464, device='cuda:0', grad_fn=<UnbindBackward0>)"
"tensor(0.2732, device='cuda:0', grad_fn=<UnbindBackward0>)","tensor(-0.2170, device='cuda:0', grad_fn=<UnbindBackward0>)","tensor(0.1001, device='cuda:0', grad_fn=<UnbindBackward0>)"
"tensor(0.2654, device='cuda:0', grad_fn=<UnbindBackward0>)","tensor(-0.0618, device='cuda:0', grad_fn=<UnbindBackward0>)","tensor(0.0343, device='cuda:0', grad_fn=<UnbindBackward0>)"
"tensor(0.1693, device='cuda:0', grad_fn=<UnbindBackward0>)","tensor(-0.0622, device='cuda:0', grad_fn=<UnbindBackward0>)","tensor(0.1216, device='cuda:0', grad_fn=<UnbindBackward0>)"
"tensor(0.2362, device='cuda:0', grad_fn=<UnbindBackward0>)","tensor(-0.1561, device='cuda:0', grad_fn=<UnbindBackward0>)","tensor(0.0258, device='cuda:0', grad_fn=<UnbindBackward0>)"
"tensor(0.1592, device='cuda:0', grad_fn=<UnbindBackward0>)","tensor(0.0288, device='cuda:0', grad_fn=<UnbindBackward0>)","tensor(0.0130, device='cuda:0', grad_fn=<UnbindBackward0>)"
"tensor(0.1190, device='cuda:0', grad_fn=<UnbindBackward0>)","tensor(0.1055, device='cuda:0', grad_fn=<UnbindBackward0>)","tensor(-0.0106, device='cuda:0', grad_fn=<UnbindBackward0>)"
"tensor(0.1169, device='cuda:0', grad_fn=<UnbindBackward0>)","tensor(0.1794, device='cuda:0', grad_fn=<UnbindBackward0>)","tensor(0.0184, device='cuda:0', grad_fn=<UnbindBackward0>)"
"tensor(0.0366, device='cuda:0', grad_fn=<UnbindBackward0>)","tensor(-0.0666, device='cuda:0', grad_fn=<UnbindBackward0>)","tensor(0.3816, device='cuda:0', grad_fn=<UnbindBackward0>)"
"tensor(0.3732, device='cuda:0', grad_fn=<UnbindBackward0>)","tensor(-0.2240, device='cuda:0', grad_fn=<UnbindBackward0>)","tensor(0.0296, device='cuda:0', grad_fn=<UnbindBackward0>)"
"tensor(0.1100, device='cuda:0', grad_fn=<UnbindBackward0>)","tensor(0.1271, device='cuda:0', grad_fn=<UnbindBackward0>)","tensor(0.0556, device='cuda:0', grad_fn=<UnbindBackward0>)"
"tensor(0.2774, device='cuda:0', grad_fn=<UnbindBackward0>)","tensor(-0.0571, device='cuda:0', grad_fn=<UnbindBackward0>)","tensor(-0.0525, device='cuda:0', grad_fn=<UnbindBackward0>)"
"tensor(0.3211, device='cuda:0', grad_fn=<UnbindBackward0>)","tensor(-0.0968, device='cuda:0', grad_fn=<UnbindBackward0>)","tensor(-0.0190, device='cuda:0', grad_fn=<UnbindBackward0>)"
"tensor(0.1597, device='cuda:0', grad_fn=<UnbindBackward0>)","tensor(0.0347, device='cuda:0', grad_fn=<UnbindBackward0>)","tensor(0.1449, device='cuda:0', grad_fn=<UnbindBackward0>)"
"tensor(0.0851, device='cuda:0', grad_fn=<UnbindBackward0>)","tensor(-0.0695, device='cuda:0', grad_fn=<UnbindBackward0>)","tensor(0.1942, device='cuda:0', grad_fn=<UnbindBackward0>)"
"tensor(0.1027, device='cuda:0', grad_fn=<UnbindBackward0>)","tensor(-0.0017, device='cuda:0', grad_fn=<UnbindBackward0>)","tensor(0.1512, device='cuda:0', grad_fn=<UnbindBackward0>)"
"tensor(0.1830, device='cuda:0', grad_fn=<UnbindBackward0>)","tensor(0.0819, device='cuda:0', grad_fn=<UnbindBackward0>)","tensor(0.0675, device='cuda:0', grad_fn=<UnbindBackward0>)"
"tensor(0.1996, device='cuda:0', grad_fn=<UnbindBackward0>)","tensor(-0.1939, device='cuda:0', grad_fn=<UnbindBackward0>)","tensor(0.1142, device='cuda:0', grad_fn=<UnbindBackward0>)"
"tensor(0.2394, device='cuda:0', grad_fn=<UnbindBackward0>)","tensor(0.0420, device='cuda:0', grad_fn=<UnbindBackward0>)","tensor(0.0909, device='cuda:0', grad_fn=<UnbindBackward0>)"
"tensor(0.1433, device='cuda:0', grad_fn=<UnbindBackward0>)","tensor(-0.0588, device='cuda:0', grad_fn=<UnbindBackward0>)","tensor(-0.0010, device='cuda:0', grad_fn=<UnbindBackward0>)"
"tensor(0.1248, device='cuda:0', grad_fn=<UnbindBackward0>)","tensor(0.0125, device='cuda:0', grad_fn=<UnbindBackward0>)","tensor(0.0776, device='cuda:0', grad_fn=<UnbindBackward0>)"
"tensor(0.1465, device='cuda:0', grad_fn=<UnbindBackward0>)","tensor(0.0764, device='cuda:0', grad_fn=<UnbindBackward0>)","tensor(0.0739, device='cuda:0', grad_fn=<UnbindBackward0>)"
"tensor(0.2197, device='cuda:0', grad_fn=<UnbindBackward0>)","tensor(0.0167, device='cuda:0', grad_fn=<UnbindBackward0>)","tensor(0.0419, device='cuda:0', grad_fn=<UnbindBackward0>)"
"tensor(0.3345, device='cuda:0', grad_fn=<UnbindBackward0>)","tensor(-0.0860, device='cuda:0', grad_fn=<UnbindBackward0>)","tensor(0.0988, device='cuda:0', grad_fn=<UnbindBackward0>)"
"tensor(0.3409, device='cuda:0', grad_fn=<UnbindBackward0>)","tensor(-0.0711, device='cuda:0', grad_fn=<UnbindBackward0>)","tensor(0.0390, device='cuda:0', grad_fn=<UnbindBackward0>)"
"tensor(0.1490, device='cuda:0', grad_fn=<UnbindBackward0>)","tensor(0.1278, device='cuda:0', grad_fn=<UnbindBackward0>)","tensor(0.0275, device='cuda:0', grad_fn=<UnbindBackward0>)"
"tensor(0.1243, device='cuda:0', grad_fn=<UnbindBackward0>)","tensor(-0.0290, device='cuda:0', grad_fn=<UnbindBackward0>)","tensor(0.1444, device='cuda:0', grad_fn=<UnbindBackward0>)"
"tensor(0.2130, device='cuda:0', grad_fn=<UnbindBackward0>)","tensor(0.0088, device='cuda:0', grad_fn=<UnbindBackward0>)","tensor(0.0986, device='cuda:0', grad_fn=<UnbindBackward0>)"
"tensor(0.0862, device='cuda:0', grad_fn=<UnbindBackward0>)","tensor(0.0685, device='cuda:0', grad_fn=<UnbindBackward0>)","tensor(0.0910, device='cuda:0', grad_fn=<UnbindBackward0>)"
"tensor(0.2334, device='cuda:0', grad_fn=<UnbindBackward0>)","tensor(-0.0438, device='cuda:0', grad_fn=<UnbindBackward0>)","tensor(0.0662, device='cuda:0', grad_fn=<UnbindBackward0>)"
"tensor(0.1124, device='cuda:0', grad_fn=<UnbindBackward0>)","tensor(-0.0498, device='cuda:0', grad_fn=<UnbindBackward0>)","tensor(0.0846, device='cuda:0', grad_fn=<UnbindBackward0>)"
"tensor(0.2158, device='cuda:0', grad_fn=<UnbindBackward0>)","tensor(-0.0281, device='cuda:0', grad_fn=<UnbindBackward0>)","tensor(0.0275, device='cuda:0', grad_fn=<UnbindBackward0>)"
"tensor(0.1697, device='cuda:0', grad_fn=<UnbindBackward0>)","tensor(0.0006, device='cuda:0', grad_fn=<UnbindBackward0>)","tensor(-0.0411, device='cuda:0', grad_fn=<UnbindBackward0>)"
"tensor(-0.0884, device='cuda:0', grad_fn=<UnbindBackward0>)","tensor(-0.0151, device='cuda:0', grad_fn=<UnbindBackward0>)","tensor(0.3597, device='cuda:0', grad_fn=<UnbindBackward0>)"
"tensor(0.0057, device='cuda:0', grad_fn=<UnbindBackward0>)","tensor(0.1720, device='cuda:0', grad_fn=<UnbindBackward0>)","tensor(0.0427, device='cuda:0', grad_fn=<UnbindBackward0>)"
"tensor(0.1489, device='cuda:0', grad_fn=<UnbindBackward0>)","tensor(-0.0333, device='cuda:0', grad_fn=<UnbindBackward0>)","tensor(0.1132, device='cuda:0', grad_fn=<UnbindBackward0>)"
"tensor(0.2814, device='cuda:0', grad_fn=<UnbindBackward0>)","tensor(-0.1787, device='cuda:0', grad_fn=<UnbindBackward0>)","tensor(0.1048, device='cuda:0', grad_fn=<UnbindBackward0>)"
"tensor(0.1380, device='cuda:0', grad_fn=<UnbindBackward0>)","tensor(-0.0389, device='cuda:0', grad_fn=<UnbindBackward0>)","tensor(0.1850, device='cuda:0', grad_fn=<UnbindBackward0>)"
"tensor(0.1762, device='cuda:0', grad_fn=<UnbindBackward0>)","tensor(0.0315, device='cuda:0', grad_fn=<UnbindBackward0>)","tensor(0.0497, device='cuda:0', grad_fn=<UnbindBackward0>)"
"tensor(0.1253, device='cuda:0', grad_fn=<UnbindBackward0>)","tensor(0.0844, device='cuda:0', grad_fn=<UnbindBackward0>)","tensor(0.0753, device='cuda:0', grad_fn=<UnbindBackward0>)"
"tensor(0.1795, device='cuda:0', grad_fn=<UnbindBackward0>)","tensor(-0.0053, device='cuda:0', grad_fn=<UnbindBackward0>)","tensor(0.0435, device='cuda:0', grad_fn=<UnbindBackward0>)"
"tensor(0.3455, device='cuda:0', grad_fn=<UnbindBackward0>)","tensor(-0.0901, device='cuda:0', grad_fn=<UnbindBackward0>)","tensor(0.0636, device='cuda:0', grad_fn=<UnbindBackward0>)"
"tensor(0.2539, device='cuda:0', grad_fn=<UnbindBackward0>)","tensor(0.0846, device='cuda:0', grad_fn=<UnbindBackward0>)","tensor(-0.0831, device='cuda:0', grad_fn=<UnbindBackward0>)"
"tensor(0.2354, device='cuda:0', grad_fn=<UnbindBackward0>)","tensor(-0.1256, device='cuda:0', grad_fn=<UnbindBackward0>)","tensor(0.0842, device='cuda:0', grad_fn=<UnbindBackward0>)"
"tensor(0.1798, device='cuda:0', grad_fn=<UnbindBackward0>)","tensor(0.0323, device='cuda:0', grad_fn=<UnbindBackward0>)","tensor(0.0500, device='cuda:0', grad_fn=<UnbindBackward0>)"
"tensor(0.3226, device='cuda:0', grad_fn=<UnbindBackward0>)","tensor(-0.3038, device='cuda:0', grad_fn=<UnbindBackward0>)","tensor(0.0793, device='cuda:0', grad_fn=<UnbindBackward0>)"
"tensor(0.1485, device='cuda:0', grad_fn=<UnbindBackward0>)","tensor(0.1840, device='cuda:0', grad_fn=<UnbindBackward0>)","tensor(0.0035, device='cuda:0', grad_fn=<UnbindBackward0>)"
"tensor(0.2637, device='cuda:0', grad_fn=<UnbindBackward0>)","tensor(-0.0236, device='cuda:0', grad_fn=<UnbindBackward0>)","tensor(-0.0647, device='cuda:0', grad_fn=<UnbindBackward0>)"
"tensor(0.2883, device='cuda:0', grad_fn=<UnbindBackward0>)","tensor(-0.0744, device='cuda:0', grad_fn=<UnbindBackward0>)","tensor(0.1135, device='cuda:0', grad_fn=<UnbindBackward0>)"
"tensor(0.0985, device='cuda:0', grad_fn=<UnbindBackward0>)","tensor(0.0400, device='cuda:0', grad_fn=<UnbindBackward0>)","tensor(0.0549, device='cuda:0', grad_fn=<UnbindBackward0>)"
"tensor(0.0228, device='cuda:0', grad_fn=<UnbindBackward0>)","tensor(0.1394, device='cuda:0', grad_fn=<UnbindBackward0>)","tensor(0.1366, device='cuda:0', grad_fn=<UnbindBackward0>)"
"tensor(0.1981, device='cuda:0', grad_fn=<UnbindBackward0>)","tensor(-0.0853, device='cuda:0', grad_fn=<UnbindBackward0>)","tensor(0.1878, device='cuda:0', grad_fn=<UnbindBackward0>)"
"tensor(0.1328, device='cuda:0', grad_fn=<UnbindBackward0>)","tensor(0.0018, device='cuda:0', grad_fn=<UnbindBackward0>)","tensor(0.0682, device='cuda:0', grad_fn=<UnbindBackward0>)"
"tensor(0.1644, device='cuda:0', grad_fn=<UnbindBackward0>)","tensor(-0.1622, device='cuda:0', grad_fn=<UnbindBackward0>)","tensor(0.1926, device='cuda:0', grad_fn=<UnbindBackward0>)"
"tensor(0.1565, device='cuda:0', grad_fn=<UnbindBackward0>)","tensor(0.0652, device='cuda:0', grad_fn=<UnbindBackward0>)","tensor(0.0192, device='cuda:0', grad_fn=<UnbindBackward0>)"
"tensor(0.2222, device='cuda:0', grad_fn=<UnbindBackward0>)","tensor(0.1130, device='cuda:0', grad_fn=<UnbindBackward0>)","tensor(-0.1366, device='cuda:0', grad_fn=<UnbindBackward0>)"
"tensor(0.1360, device='cuda:0', grad_fn=<UnbindBackward0>)","tensor(0.0384, device='cuda:0', grad_fn=<UnbindBackward0>)","tensor(0.0878, device='cuda:0', grad_fn=<UnbindBackward0>)"
"tensor(0.1411, device='cuda:0', grad_fn=<UnbindBackward0>)","tensor(0.0020, device='cuda:0', grad_fn=<UnbindBackward0>)","tensor(0.0425, device='cuda:0', grad_fn=<UnbindBackward0>)"
"tensor(0.2285, device='cuda:0', grad_fn=<UnbindBackward0>)","tensor(-0.0552, device='cuda:0', grad_fn=<UnbindBackward0>)","tensor(0.1188, device='cuda:0', grad_fn=<UnbindBackward0>)"
"tensor(0.2332, device='cuda:0', grad_fn=<UnbindBackward0>)","tensor(0.0997, device='cuda:0', grad_fn=<UnbindBackward0>)","tensor(-0.2151, device='cuda:0', grad_fn=<UnbindBackward0>)"
"tensor(0.1271, device='cuda:0', grad_fn=<UnbindBackward0>)","tensor(0.0725, device='cuda:0', grad_fn=<UnbindBackward0>)","tensor(0.0052, device='cuda:0', grad_fn=<UnbindBackward0>)"
"tensor(0.0187, device='cuda:0', grad_fn=<UnbindBackward0>)","tensor(0.0710, device='cuda:0', grad_fn=<UnbindBackward0>)","tensor(-0.0166, device='cuda:0', grad_fn=<UnbindBackward0>)"
"tensor(0.3738, device='cuda:0', grad_fn=<UnbindBackward0>)","tensor(-0.0927, device='cuda:0', grad_fn=<UnbindBackward0>)","tensor(-0.0124, device='cuda:0', grad_fn=<UnbindBackward0>)"
"tensor(0.1591, device='cuda:0', grad_fn=<UnbindBackward0>)","tensor(0.0186, device='cuda:0', grad_fn=<UnbindBackward0>)","tensor(0.1133, device='cuda:0', grad_fn=<UnbindBackward0>)"
"tensor(0.2917, device='cuda:0', grad_fn=<UnbindBackward0>)","tensor(-0.2053, device='cuda:0', grad_fn=<UnbindBackward0>)","tensor(0.0027, device='cuda:0', grad_fn=<UnbindBackward0>)"
"tensor(0.1125, device='cuda:0', grad_fn=<UnbindBackward0>)","tensor(-0.0235, device='cuda:0', grad_fn=<UnbindBackward0>)","tensor(0.1550, device='cuda:0', grad_fn=<UnbindBackward0>)"
"tensor(0.2176, device='cuda:0', grad_fn=<UnbindBackward0>)","tensor(-0.0800, device='cuda:0', grad_fn=<UnbindBackward0>)","tensor(0.0723, device='cuda:0', grad_fn=<UnbindBackward0>)"
"tensor(0.1990, device='cuda:0', grad_fn=<UnbindBackward0>)","tensor(-0.0495, device='cuda:0', grad_fn=<UnbindBackward0>)","tensor(0.0474, device='cuda:0', grad_fn=<UnbindBackward0>)"
"tensor(0.2470, device='cuda:0', grad_fn=<UnbindBackward0>)","tensor(-0.0302, device='cuda:0', grad_fn=<UnbindBackward0>)","tensor(0.0702, device='cuda:0', grad_fn=<UnbindBackward0>)"
"tensor(0.0922, device='cuda:0', grad_fn=<UnbindBackward0>)","tensor(-0.1680, device='cuda:0', grad_fn=<UnbindBackward0>)","tensor(0.2852, device='cuda:0', grad_fn=<UnbindBackward0>)"
"tensor(0.0301, device='cuda:0', grad_fn=<UnbindBackward0>)","tensor(0.0078, device='cuda:0', grad_fn=<UnbindBackward0>)","tensor(-0.0158, device='cuda:0', grad_fn=<UnbindBackward0>)"
"tensor(0.0331, device='cuda:0', grad_fn=<UnbindBackward0>)","tensor(0.0771, device='cuda:0', grad_fn=<UnbindBackward0>)","tensor(0.0670, device='cuda:0', grad_fn=<UnbindBackward0>)"
"tensor(0.1718, device='cuda:0', grad_fn=<UnbindBackward0>)","tensor(-0.0474, device='cuda:0', grad_fn=<UnbindBackward0>)","tensor(0.1708, device='cuda:0', grad_fn=<UnbindBackward0>)"
"tensor(0.1015, device='cuda:0', grad_fn=<UnbindBackward0>)","tensor(-0.0511, device='cuda:0', grad_fn=<UnbindBackward0>)","tensor(0.0800, device='cuda:0', grad_fn=<UnbindBackward0>)"
"tensor(0.1305, device='cuda:0', grad_fn=<UnbindBackward0>)","tensor(0.0435, device='cuda:0', grad_fn=<UnbindBackward0>)","tensor(0.0412, device='cuda:0', grad_fn=<UnbindBackward0>)"
"tensor(0.3029, device='cuda:0', grad_fn=<UnbindBackward0>)","tensor(-0.0223, device='cuda:0', grad_fn=<UnbindBackward0>)","tensor(0.0416, device='cuda:0', grad_fn=<UnbindBackward0>)"
"tensor(0.2864, device='cuda:0', grad_fn=<UnbindBackward0>)","tensor(-0.1167, device='cuda:0', grad_fn=<UnbindBackward0>)","tensor(0.0421, device='cuda:0', grad_fn=<UnbindBackward0>)"
"tensor(0.0621, device='cuda:0', grad_fn=<UnbindBackward0>)","tensor(-0.0855, device='cuda:0', grad_fn=<UnbindBackward0>)","tensor(0.1477, device='cuda:0', grad_fn=<UnbindBackward0>)"
"tensor(0.1430, device='cuda:0', grad_fn=<UnbindBackward0>)","tensor(-0.0024, device='cuda:0', grad_fn=<UnbindBackward0>)","tensor(0.1538, device='cuda:0', grad_fn=<UnbindBackward0>)"
"tensor(0.0719, device='cuda:0', grad_fn=<UnbindBackward0>)","tensor(0.0620, device='cuda:0', grad_fn=<UnbindBackward0>)","tensor(0.1117, device='cuda:0', grad_fn=<UnbindBackward0>)"
"tensor(0.2498, device='cuda:0', grad_fn=<UnbindBackward0>)","tensor(-0.0618, device='cuda:0', grad_fn=<UnbindBackward0>)","tensor(0.0367, device='cuda:0', grad_fn=<UnbindBackward0>)"
"tensor(0.3415, device='cuda:0', grad_fn=<UnbindBackward0>)","tensor(-0.0836, device='cuda:0', grad_fn=<UnbindBackward0>)","tensor(-0.0417, device='cuda:0', grad_fn=<UnbindBackward0>)"
"tensor(0.1785, device='cuda:0', grad_fn=<UnbindBackward0>)","tensor(-0.0451, device='cuda:0', grad_fn=<UnbindBackward0>)","tensor(0.1305, device='cuda:0', grad_fn=<UnbindBackward0>)"
"tensor(0.3553, device='cuda:0', grad_fn=<UnbindBackward0>)","tensor(-0.4788, device='cuda:0', grad_fn=<UnbindBackward0>)","tensor(0.0784, device='cuda:0', grad_fn=<UnbindBackward0>)"
"tensor(0.5075, device='cuda:0', grad_fn=<UnbindBackward0>)","tensor(-0.4017, device='cuda:0', grad_fn=<UnbindBackward0>)","tensor(0.0802, device='cuda:0', grad_fn=<UnbindBackward0>)"
"tensor(0.4433, device='cuda:0', grad_fn=<UnbindBackward0>)","tensor(-0.2964, device='cuda:0', grad_fn=<UnbindBackward0>)","tensor(0.0685, device='cuda:0', grad_fn=<UnbindBackward0>)"
"tensor(0.2143, device='cuda:0', grad_fn=<UnbindBackward0>)","tensor(-0.0334, device='cuda:0', grad_fn=<UnbindBackward0>)","tensor(0.0646, device='cuda:0', grad_fn=<UnbindBackward0>)"
"tensor(0.1547, device='cuda:0', grad_fn=<UnbindBackward0>)","tensor(-0.0269, device='cuda:0', grad_fn=<UnbindBackward0>)","tensor(0.1082, device='cuda:0', grad_fn=<UnbindBackward0>)"
"tensor(0.1908, device='cuda:0', grad_fn=<UnbindBackward0>)","tensor(-0.0227, device='cuda:0', grad_fn=<UnbindBackward0>)","tensor(-0.1868, device='cuda:0', grad_fn=<UnbindBackward0>)"
"tensor(0.0811, device='cuda:0', grad_fn=<UnbindBackward0>)","tensor(0.2230, device='cuda:0', grad_fn=<UnbindBackward0>)","tensor(2.2210e-05, device='cuda:0', grad_fn=<UnbindBackward0>)"
"tensor(0.2270, device='cuda:0', grad_fn=<UnbindBackward0>)","tensor(-0.0624, device='cuda:0', grad_fn=<UnbindBackward0>)","tensor(0.1068, device='cuda:0', grad_fn=<UnbindBackward0>)"
"tensor(0.0576, device='cuda:0', grad_fn=<UnbindBackward0>)","tensor(-0.1079, device='cuda:0', grad_fn=<UnbindBackward0>)","tensor(0.2064, device='cuda:0', grad_fn=<UnbindBackward0>)"
"tensor(0.1536, device='cuda:0', grad_fn=<UnbindBackward0>)","tensor(0.1134, device='cuda:0', grad_fn=<UnbindBackward0>)","tensor(-0.1271, device='cuda:0', grad_fn=<UnbindBackward0>)"
"tensor(0.1568, device='cuda:0', grad_fn=<UnbindBackward0>)","tensor(-0.0243, device='cuda:0', grad_fn=<UnbindBackward0>)","tensor(0.0715, device='cuda:0', grad_fn=<UnbindBackward0>)"
"tensor(0.1766, device='cuda:0', grad_fn=<UnbindBackward0>)","tensor(0.0037, device='cuda:0', grad_fn=<UnbindBackward0>)","tensor(0.1471, device='cuda:0', grad_fn=<UnbindBackward0>)"
"tensor(0.1478, device='cuda:0', grad_fn=<UnbindBackward0>)","tensor(-0.0682, device='cuda:0', grad_fn=<UnbindBackward0>)","tensor(0.0750, device='cuda:0', grad_fn=<UnbindBackward0>)"
"tensor(0.1964, device='cuda:0', grad_fn=<UnbindBackward0>)","tensor(-0.0223, device='cuda:0', grad_fn=<UnbindBackward0>)","tensor(0.0408, device='cuda:0', grad_fn=<UnbindBackward0>)"
"tensor(0.1961, device='cuda:0', grad_fn=<UnbindBackward0>)","tensor(0.0079, device='cuda:0', grad_fn=<UnbindBackward0>)","tensor(-0.0018, device='cuda:0', grad_fn=<UnbindBackward0>)"
"tensor(0.1795, device='cuda:0', grad_fn=<UnbindBackward0>)","tensor(-0.1218, device='cuda:0', grad_fn=<UnbindBackward0>)","tensor(0.1253, device='cuda:0', grad_fn=<UnbindBackward0>)"
"tensor(0.1480, device='cuda:0', grad_fn=<UnbindBackward0>)","tensor(0.1939, device='cuda:0', grad_fn=<UnbindBackward0>)","tensor(-0.0009, device='cuda:0', grad_fn=<UnbindBackward0>)"
"tensor(0.1644, device='cuda:0', grad_fn=<UnbindBackward0>)","tensor(0.0130, device='cuda:0', grad_fn=<UnbindBackward0>)","tensor(0.0367, device='cuda:0', grad_fn=<UnbindBackward0>)"
"tensor(0.2149, device='cuda:0', grad_fn=<UnbindBackward0>)","tensor(-0.0260, device='cuda:0', grad_fn=<UnbindBackward0>)","tensor(0.0423, device='cuda:0', grad_fn=<UnbindBackward0>)"
"tensor(0.0546, device='cuda:0', grad_fn=<UnbindBackward0>)","tensor(0.1235, device='cuda:0', grad_fn=<UnbindBackward0>)","tensor(0.1299, device='cuda:0', grad_fn=<UnbindBackward0>)"
"tensor(-0.0377, device='cuda:0', grad_fn=<UnbindBackward0>)","tensor(0.5130, device='cuda:0', grad_fn=<UnbindBackward0>)","tensor(-0.0915, device='cuda:0', grad_fn=<UnbindBackward0>)"
"tensor(-0.0598, device='cuda:0', grad_fn=<UnbindBackward0>)","tensor(0.3565, device='cuda:0', grad_fn=<UnbindBackward0>)","tensor(0.1017, device='cuda:0', grad_fn=<UnbindBackward0>)"
"tensor(-0.0254, device='cuda:0', grad_fn=<UnbindBackward0>)","tensor(0.2856, device='cuda:0', grad_fn=<UnbindBackward0>)","tensor(0.0318, device='cuda:0', grad_fn=<UnbindBackward0>)"
"tensor(0.0636, device='cuda:0', grad_fn=<UnbindBackward0>)","tensor(0.1119, device='cuda:0', grad_fn=<UnbindBackward0>)","tensor(0.0468, device='cuda:0', grad_fn=<UnbindBackward0>)"
"tensor(0.0733, device='cuda:0', grad_fn=<UnbindBackward0>)","tensor(-0.0984, device='cuda:0', grad_fn=<UnbindBackward0>)","tensor(0.2893, device='cuda:0', grad_fn=<UnbindBackward0>)"
"tensor(0.1195, device='cuda:0', grad_fn=<UnbindBackward0>)","tensor(0.0222, device='cuda:0', grad_fn=<UnbindBackward0>)","tensor(0.2688, device='cuda:0', grad_fn=<UnbindBackward0>)"
"tensor(-0.0918, device='cuda:0', grad_fn=<UnbindBackward0>)","tensor(0.3020, device='cuda:0', grad_fn=<UnbindBackward0>)","tensor(-0.0233, device='cuda:0', grad_fn=<UnbindBackward0>)"
"tensor(0.0761, device='cuda:0', grad_fn=<UnbindBackward0>)","tensor(-0.0155, device='cuda:0', grad_fn=<UnbindBackward0>)","tensor(0.1575, device='cuda:0', grad_fn=<UnbindBackward0>)"
"tensor(0.0070, device='cuda:0', grad_fn=<UnbindBackward0>)","tensor(-0.0077, device='cuda:0', grad_fn=<UnbindBackward0>)","tensor(0.2332, device='cuda:0', grad_fn=<UnbindBackward0>)"
"tensor(-0.0187, device='cuda:0', grad_fn=<UnbindBackward0>)","tensor(0.2865, device='cuda:0', grad_fn=<UnbindBackward0>)","tensor(-0.0334, device='cuda:0', grad_fn=<UnbindBackward0>)"
"tensor(0.2192, device='cuda:0', grad_fn=<UnbindBackward0>)","tensor(-0.0642, device='cuda:0', grad_fn=<UnbindBackward0>)","tensor(0.1086, device='cuda:0', grad_fn=<UnbindBackward0>)"
"tensor(0.0307, device='cuda:0', grad_fn=<UnbindBackward0>)","tensor(0.3987, device='cuda:0', grad_fn=<UnbindBackward0>)","tensor(0.0233, device='cuda:0', grad_fn=<UnbindBackward0>)"
"tensor(0.1494, device='cuda:0', grad_fn=<UnbindBackward0>)","tensor(0.2539, device='cuda:0', grad_fn=<UnbindBackward0>)","tensor(-0.0638, device='cuda:0', grad_fn=<UnbindBackward0>)"
"tensor(0.0510, device='cuda:0', grad_fn=<UnbindBackward0>)","tensor(0.0107, device='cuda:0', grad_fn=<UnbindBackward0>)","tensor(0.1535, device='cuda:0', grad_fn=<UnbindBackward0>)"
"tensor(-0.0139, device='cuda:0', grad_fn=<UnbindBackward0>)","tensor(0.0004, device='cuda:0', grad_fn=<UnbindBackward0>)","tensor(0.1590, device='cuda:0', grad_fn=<UnbindBackward0>)"
"tensor(0.1185, device='cuda:0', grad_fn=<UnbindBackward0>)","tensor(-0.1734, device='cuda:0', grad_fn=<UnbindBackward0>)","tensor(0.2251, device='cuda:0', grad_fn=<UnbindBackward0>)"
"tensor(0.0491, device='cuda:0', grad_fn=<UnbindBackward0>)","tensor(0.0346, device='cuda:0', grad_fn=<UnbindBackward0>)","tensor(0.3061, device='cuda:0', grad_fn=<UnbindBackward0>)"
"tensor(0.0019, device='cuda:0', grad_fn=<UnbindBackward0>)","tensor(0.0347, device='cuda:0', grad_fn=<UnbindBackward0>)","tensor(0.1570, device='cuda:0', grad_fn=<UnbindBackward0>)"
"tensor(0.2623, device='cuda:0', grad_fn=<UnbindBackward0>)","tensor(-0.0850, device='cuda:0', grad_fn=<UnbindBackward0>)","tensor(0.1209, device='cuda:0', grad_fn=<UnbindBackward0>)"
"tensor(-0.0250, device='cuda:0', grad_fn=<UnbindBackward0>)","tensor(0.3740, device='cuda:0', grad_fn=<UnbindBackward0>)","tensor(-0.0271, device='cuda:0', grad_fn=<UnbindBackward0>)"
"tensor(0.0545, device='cuda:0', grad_fn=<UnbindBackward0>)","tensor(0.0556, device='cuda:0', grad_fn=<UnbindBackward0>)","tensor(0.2031, device='cuda:0', grad_fn=<UnbindBackward0>)"
"tensor(0.0195, device='cuda:0', grad_fn=<UnbindBackward0>)","tensor(0.2188, device='cuda:0', grad_fn=<UnbindBackward0>)","tensor(0.1147, device='cuda:0', grad_fn=<UnbindBackward0>)"
"tensor(0.0560, device='cuda:0', grad_fn=<UnbindBackward0>)","tensor(-0.0347, device='cuda:0', grad_fn=<UnbindBackward0>)","tensor(0.1416, device='cuda:0', grad_fn=<UnbindBackward0>)"
"tensor(0.0891, device='cuda:0', grad_fn=<UnbindBackward0>)","tensor(-0.0522, device='cuda:0', grad_fn=<UnbindBackward0>)","tensor(0.1470, device='cuda:0', grad_fn=<UnbindBackward0>)"
"tensor(-0.0655, device='cuda:0', grad_fn=<UnbindBackward0>)","tensor(0.4612, device='cuda:0', grad_fn=<UnbindBackward0>)","tensor(-0.0799, device='cuda:0', grad_fn=<UnbindBackward0>)"
"tensor(-0.1236, device='cuda:0', grad_fn=<UnbindBackward0>)","tensor(0.4127, device='cuda:0', grad_fn=<UnbindBackward0>)","tensor(0.0294, device='cuda:0', grad_fn=<UnbindBackward0>)"
"tensor(-0.1232, device='cuda:0', grad_fn=<UnbindBackward0>)","tensor(0.0778, device='cuda:0', grad_fn=<UnbindBackward0>)","tensor(0.1581, device='cuda:0', grad_fn=<UnbindBackward0>)"
"tensor(0.0168, device='cuda:0', grad_fn=<UnbindBackward0>)","tensor(0.2031, device='cuda:0', grad_fn=<UnbindBackward0>)","tensor(0.0652, device='cuda:0', grad_fn=<UnbindBackward0>)"
"tensor(0.1032, device='cuda:0', grad_fn=<UnbindBackward0>)","tensor(-0.1108, device='cuda:0', grad_fn=<UnbindBackward0>)","tensor(0.1931, device='cuda:0', grad_fn=<UnbindBackward0>)"
"tensor(-0.1192, device='cuda:0', grad_fn=<UnbindBackward0>)","tensor(0.4535, device='cuda:0', grad_fn=<UnbindBackward0>)","tensor(0.0157, device='cuda:0', grad_fn=<UnbindBackward0>)"
"tensor(0.0310, device='cuda:0', grad_fn=<UnbindBackward0>)","tensor(0.1562, device='cuda:0', grad_fn=<UnbindBackward0>)","tensor(0.0319, device='cuda:0', grad_fn=<UnbindBackward0>)"
"tensor(0.0336, device='cuda:0', grad_fn=<UnbindBackward0>)","tensor(0.2180, device='cuda:0', grad_fn=<UnbindBackward0>)","tensor(-0.0118, device='cuda:0', grad_fn=<UnbindBackward0>)"
"tensor(-0.0201, device='cuda:0', grad_fn=<UnbindBackward0>)","tensor(0.3551, device='cuda:0', grad_fn=<UnbindBackward0>)","tensor(0.0770, device='cuda:0', grad_fn=<UnbindBackward0>)"
"tensor(0.0568, device='cuda:0', grad_fn=<UnbindBackward0>)","tensor(0.1189, device='cuda:0', grad_fn=<UnbindBackward0>)","tensor(0.1157, device='cuda:0', grad_fn=<UnbindBackward0>)"
"tensor(0.0302, device='cuda:0', grad_fn=<UnbindBackward0>)","tensor(0.2317, device='cuda:0', grad_fn=<UnbindBackward0>)","tensor(0.0066, device='cuda:0', grad_fn=<UnbindBackward0>)"
"tensor(0.0662, device='cuda:0', grad_fn=<UnbindBackward0>)","tensor(0.3769, device='cuda:0', grad_fn=<UnbindBackward0>)","tensor(-0.0724, device='cuda:0', grad_fn=<UnbindBackward0>)"
"tensor(0.0835, device='cuda:0', grad_fn=<UnbindBackward0>)","tensor(0.2319, device='cuda:0', grad_fn=<UnbindBackward0>)","tensor(0.0398, device='cuda:0', grad_fn=<UnbindBackward0>)"
"tensor(-0.0163, device='cuda:0', grad_fn=<UnbindBackward0>)","tensor(0.2527, device='cuda:0', grad_fn=<UnbindBackward0>)","tensor(0.0240, device='cuda:0', grad_fn=<UnbindBackward0>)"
"tensor(-0.1377, device='cuda:0', grad_fn=<UnbindBackward0>)","tensor(0.3492, device='cuda:0', grad_fn=<UnbindBackward0>)","tensor(0.0673, device='cuda:0', grad_fn=<UnbindBackward0>)"
"tensor(0.0410, device='cuda:0', grad_fn=<UnbindBackward0>)","tensor(0.1010, device='cuda:0', grad_fn=<UnbindBackward0>)","tensor(0.1359, device='cuda:0', grad_fn=<UnbindBackward0>)"
"tensor(-0.0855, device='cuda:0', grad_fn=<UnbindBackward0>)","tensor(0.4417, device='cuda:0', grad_fn=<UnbindBackward0>)","tensor(-0.0745, device='cuda:0', grad_fn=<UnbindBackward0>)"
"tensor(-0.0136, device='cuda:0', grad_fn=<UnbindBackward0>)","tensor(0.3040, device='cuda:0', grad_fn=<UnbindBackward0>)","tensor(0.0074, device='cuda:0', grad_fn=<UnbindBackward0>)"
"tensor(0.1266, device='cuda:0', grad_fn=<UnbindBackward0>)","tensor(0.2441, device='cuda:0', grad_fn=<UnbindBackward0>)","tensor(-0.0139, device='cuda:0', grad_fn=<UnbindBackward0>)"
"tensor(0.1415, device='cuda:0', grad_fn=<UnbindBackward0>)","tensor(-0.1407, device='cuda:0', grad_fn=<UnbindBackward0>)","tensor(0.1786, device='cuda:0', grad_fn=<UnbindBackward0>)"
"tensor(-0.0264, device='cuda:0', grad_fn=<UnbindBackward0>)","tensor(0.2821, device='cuda:0', grad_fn=<UnbindBackward0>)","tensor(0.0189, device='cuda:0', grad_fn=<UnbindBackward0>)"
"tensor(0.0633, device='cuda:0', grad_fn=<UnbindBackward0>)","tensor(0.0878, device='cuda:0', grad_fn=<UnbindBackward0>)","tensor(0.1884, device='cuda:0', grad_fn=<UnbindBackward0>)"
"tensor(-0.0043, device='cuda:0', grad_fn=<UnbindBackward0>)","tensor(-0.0942, device='cuda:0', grad_fn=<UnbindBackward0>)","tensor(0.1642, device='cuda:0', grad_fn=<UnbindBackward0>)"
"tensor(0.0664, device='cuda:0', grad_fn=<UnbindBackward0>)","tensor(0.1314, device='cuda:0', grad_fn=<UnbindBackward0>)","tensor(0.1166, device='cuda:0', grad_fn=<UnbindBackward0>)"
"tensor(0.0720, device='cuda:0', grad_fn=<UnbindBackward0>)","tensor(0.2259, device='cuda:0', grad_fn=<UnbindBackward0>)","tensor(0.1434, device='cuda:0', grad_fn=<UnbindBackward0>)"
"tensor(-0.0026, device='cuda:0', grad_fn=<UnbindBackward0>)","tensor(-0.1229, device='cuda:0', grad_fn=<UnbindBackward0>)","tensor(0.1168, device='cuda:0', grad_fn=<UnbindBackward0>)"
"tensor(0.0861, device='cuda:0', grad_fn=<UnbindBackward0>)","tensor(0.0400, device='cuda:0', grad_fn=<UnbindBackward0>)","tensor(0.1057, device='cuda:0', grad_fn=<UnbindBackward0>)"
"tensor(-0.0270, device='cuda:0', grad_fn=<UnbindBackward0>)","tensor(0.1556, device='cuda:0', grad_fn=<UnbindBackward0>)","tensor(0.1065, device='cuda:0', grad_fn=<UnbindBackward0>)"
"tensor(-0.0756, device='cuda:0', grad_fn=<UnbindBackward0>)","tensor(0.2966, device='cuda:0', grad_fn=<UnbindBackward0>)","tensor(0.0264, device='cuda:0', grad_fn=<UnbindBackward0>)"
"tensor(0.0592, device='cuda:0', grad_fn=<UnbindBackward0>)","tensor(-0.0131, device='cuda:0', grad_fn=<UnbindBackward0>)","tensor(0.2294, device='cuda:0', grad_fn=<UnbindBackward0>)"
"tensor(0.0823, device='cuda:0', grad_fn=<UnbindBackward0>)","tensor(0.2526, device='cuda:0', grad_fn=<UnbindBackward0>)","tensor(0.0171, device='cuda:0', grad_fn=<UnbindBackward0>)"
"tensor(-0.0544, device='cuda:0', grad_fn=<UnbindBackward0>)","tensor(0.4853, device='cuda:0', grad_fn=<UnbindBackward0>)","tensor(-0.0579, device='cuda:0', grad_fn=<UnbindBackward0>)"
"tensor(0.0197, device='cuda:0', grad_fn=<UnbindBackward0>)","tensor(0.1977, device='cuda:0', grad_fn=<UnbindBackward0>)","tensor(0.0332, device='cuda:0', grad_fn=<UnbindBackward0>)"
"tensor(0.1554, device='cuda:0', grad_fn=<UnbindBackward0>)","tensor(0.0284, device='cuda:0', grad_fn=<UnbindBackward0>)","tensor(0.1485, device='cuda:0', grad_fn=<UnbindBackward0>)"
"tensor(-0.0391, device='cuda:0', grad_fn=<UnbindBackward0>)","tensor(0.1672, device='cuda:0', grad_fn=<UnbindBackward0>)","tensor(0.0648, device='cuda:0', grad_fn=<UnbindBackward0>)"
"tensor(-0.2014, device='cuda:0', grad_fn=<UnbindBackward0>)","tensor(0.1053, device='cuda:0', grad_fn=<UnbindBackward0>)","tensor(0.4309, device='cuda:0', grad_fn=<UnbindBackward0>)"
"tensor(0.1482, device='cuda:0', grad_fn=<UnbindBackward0>)","tensor(0.0629, device='cuda:0', grad_fn=<UnbindBackward0>)","tensor(0.0153, device='cuda:0', grad_fn=<UnbindBackward0>)"
"tensor(0.0735, device='cuda:0', grad_fn=<UnbindBackward0>)","tensor(-0.0480, device='cuda:0', grad_fn=<UnbindBackward0>)","tensor(0.1674, device='cuda:0', grad_fn=<UnbindBackward0>)"
"tensor(-0.1844, device='cuda:0', grad_fn=<UnbindBackward0>)","tensor(0.4979, device='cuda:0', grad_fn=<UnbindBackward0>)","tensor(0.1462, device='cuda:0', grad_fn=<UnbindBackward0>)"
"tensor(0.0484, device='cuda:0', grad_fn=<UnbindBackward0>)","tensor(0.0058, device='cuda:0', grad_fn=<UnbindBackward0>)","tensor(0.1081, device='cuda:0', grad_fn=<UnbindBackward0>)"
"tensor(-0.0391, device='cuda:0', grad_fn=<UnbindBackward0>)","tensor(0.2132, device='cuda:0', grad_fn=<UnbindBackward0>)","tensor(0.0807, device='cuda:0', grad_fn=<UnbindBackward0>)"
"tensor(0.0717, device='cuda:0', grad_fn=<UnbindBackward0>)","tensor(-0.1034, device='cuda:0', grad_fn=<UnbindBackward0>)","tensor(0.1055, device='cuda:0', grad_fn=<UnbindBackward0>)"
"tensor(0.0639, device='cuda:0', grad_fn=<UnbindBackward0>)","tensor(-0.0354, device='cuda:0', grad_fn=<UnbindBackward0>)","tensor(0.1782, device='cuda:0', grad_fn=<UnbindBackward0>)"
"tensor(0.0420, device='cuda:0', grad_fn=<UnbindBackward0>)","tensor(0.0939, device='cuda:0', grad_fn=<UnbindBackward0>)","tensor(0.1114, device='cuda:0', grad_fn=<UnbindBackward0>)"
"tensor(0.1179, device='cuda:0', grad_fn=<UnbindBackward0>)","tensor(0.2485, device='cuda:0', grad_fn=<UnbindBackward0>)","tensor(-0.0829, device='cuda:0', grad_fn=<UnbindBackward0>)"
"tensor(0.0088, device='cuda:0', grad_fn=<UnbindBackward0>)","tensor(0.2408, device='cuda:0', grad_fn=<UnbindBackward0>)","tensor(0.0241, device='cuda:0', grad_fn=<UnbindBackward0>)"
"tensor(0.1227, device='cuda:0', grad_fn=<UnbindBackward0>)","tensor(-0.1112, device='cuda:0', grad_fn=<UnbindBackward0>)","tensor(0.3617, device='cuda:0', grad_fn=<UnbindBackward0>)"
"tensor(0.1115, device='cuda:0', grad_fn=<UnbindBackward0>)","tensor(-0.1231, device='cuda:0', grad_fn=<UnbindBackward0>)","tensor(0.2594, device='cuda:0', grad_fn=<UnbindBackward0>)"
"tensor(-0.0071, device='cuda:0', grad_fn=<UnbindBackward0>)","tensor(0.2750, device='cuda:0', grad_fn=<UnbindBackward0>)","tensor(-0.0752, device='cuda:0', grad_fn=<UnbindBackward0>)"
"tensor(-0.0305, device='cuda:0', grad_fn=<UnbindBackward0>)","tensor(0.0728, device='cuda:0', grad_fn=<UnbindBackward0>)","tensor(0.1692, device='cuda:0', grad_fn=<UnbindBackward0>)"
"tensor(0.0728, device='cuda:0', grad_fn=<UnbindBackward0>)","tensor(0.2071, device='cuda:0', grad_fn=<UnbindBackward0>)","tensor(0.0486, device='cuda:0', grad_fn=<UnbindBackward0>)"
"tensor(0.0777, device='cuda:0', grad_fn=<UnbindBackward0>)","tensor(-0.1079, device='cuda:0', grad_fn=<UnbindBackward0>)","tensor(0.2230, device='cuda:0', grad_fn=<UnbindBackward0>)"
"tensor(-0.0395, device='cuda:0', grad_fn=<UnbindBackward0>)","tensor(0.2120, device='cuda:0', grad_fn=<UnbindBackward0>)","tensor(0.1516, device='cuda:0', grad_fn=<UnbindBackward0>)"
"tensor(0.1795, device='cuda:0', grad_fn=<UnbindBackward0>)","tensor(-0.0478, device='cuda:0', grad_fn=<UnbindBackward0>)","tensor(0.1549, device='cuda:0', grad_fn=<UnbindBackward0>)"
"tensor(0.1340, device='cuda:0', grad_fn=<UnbindBackward0>)","tensor(-0.0481, device='cuda:0', grad_fn=<UnbindBackward0>)","tensor(0.2045, device='cuda:0', grad_fn=<UnbindBackward0>)"
"tensor(0.0835, device='cuda:0', grad_fn=<UnbindBackward0>)","tensor(-0.0314, device='cuda:0', grad_fn=<UnbindBackward0>)","tensor(0.1383, device='cuda:0', grad_fn=<UnbindBackward0>)"
"tensor(-0.0538, device='cuda:0', grad_fn=<UnbindBackward0>)","tensor(0.4262, device='cuda:0', grad_fn=<UnbindBackward0>)","tensor(-0.0082, device='cuda:0', grad_fn=<UnbindBackward0>)"
"tensor(-0.2411, device='cuda:0', grad_fn=<UnbindBackward0>)","tensor(0.6707, device='cuda:0', grad_fn=<UnbindBackward0>)","tensor(-0.2449, device='cuda:0', grad_fn=<UnbindBackward0>)"
"tensor(0.0393, device='cuda:0', grad_fn=<UnbindBackward0>)","tensor(0.0256, device='cuda:0', grad_fn=<UnbindBackward0>)","tensor(0.1862, device='cuda:0', grad_fn=<UnbindBackward0>)"
"tensor(-0.0812, device='cuda:0', grad_fn=<UnbindBackward0>)","tensor(0.2477, device='cuda:0', grad_fn=<UnbindBackward0>)","tensor(0.0139, device='cuda:0', grad_fn=<UnbindBackward0>)"
"tensor(0.0667, device='cuda:0', grad_fn=<UnbindBackward0>)","tensor(0.1483, device='cuda:0', grad_fn=<UnbindBackward0>)","tensor(0.0484, device='cuda:0', grad_fn=<UnbindBackward0>)"
"tensor(0.0605, device='cuda:0', grad_fn=<UnbindBackward0>)","tensor(0.3637, device='cuda:0', grad_fn=<UnbindBackward0>)","tensor(-0.0622, device='cuda:0', grad_fn=<UnbindBackward0>)"
"tensor(0.0623, device='cuda:0', grad_fn=<UnbindBackward0>)","tensor(-0.0660, device='cuda:0', grad_fn=<UnbindBackward0>)","tensor(0.2166, device='cuda:0', grad_fn=<UnbindBackward0>)"
"tensor(-0.1219, device='cuda:0', grad_fn=<UnbindBackward0>)","tensor(0.4351, device='cuda:0', grad_fn=<UnbindBackward0>)","tensor(-0.0390, device='cuda:0', grad_fn=<UnbindBackward0>)"
"tensor(0.0265, device='cuda:0', grad_fn=<UnbindBackward0>)","tensor(0.0383, device='cuda:0', grad_fn=<UnbindBackward0>)","tensor(0.2389, device='cuda:0', grad_fn=<UnbindBackward0>)"
"tensor(0.0094, device='cuda:0', grad_fn=<UnbindBackward0>)","tensor(0.3648, device='cuda:0', grad_fn=<UnbindBackward0>)","tensor(-0.0870, device='cuda:0', grad_fn=<UnbindBackward0>)"
"tensor(-0.0900, device='cuda:0', grad_fn=<UnbindBackward0>)","tensor(0.0847, device='cuda:0', grad_fn=<UnbindBackward0>)","tensor(0.2746, device='cuda:0', grad_fn=<UnbindBackward0>)"
"tensor(0.0253, device='cuda:0', grad_fn=<UnbindBackward0>)","tensor(0.1888, device='cuda:0', grad_fn=<UnbindBackward0>)","tensor(0.1097, device='cuda:0', grad_fn=<UnbindBackward0>)"
"tensor(-0.0328, device='cuda:0', grad_fn=<UnbindBackward0>)","tensor(0.1953, device='cuda:0', grad_fn=<UnbindBackward0>)","tensor(0.0277, device='cuda:0', grad_fn=<UnbindBackward0>)"
"tensor(-0.0197, device='cuda:0', grad_fn=<UnbindBackward0>)","tensor(0.2546, device='cuda:0', grad_fn=<UnbindBackward0>)","tensor(0.0597, device='cuda:0', grad_fn=<UnbindBackward0>)"
"tensor(0.0448, device='cuda:0', grad_fn=<UnbindBackward0>)","tensor(0.1776, device='cuda:0', grad_fn=<UnbindBackward0>)","tensor(0.0798, device='cuda:0', grad_fn=<UnbindBackward0>)"
"tensor(0.0721, device='cuda:0', grad_fn=<UnbindBackward0>)","tensor(0.0269, device='cuda:0', grad_fn=<UnbindBackward0>)","tensor(0.1062, device='cuda:0', grad_fn=<UnbindBackward0>)"
"tensor(-0.0162, device='cuda:0', grad_fn=<UnbindBackward0>)","tensor(0.1618, device='cuda:0', grad_fn=<UnbindBackward0>)","tensor(0.0814, device='cuda:0', grad_fn=<UnbindBackward0>)"
"tensor(0.0581, device='cuda:0', grad_fn=<UnbindBackward0>)","tensor(0.1226, device='cuda:0', grad_fn=<UnbindBackward0>)","tensor(0.0518, device='cuda:0', grad_fn=<UnbindBackward0>)"
"tensor(0.0269, device='cuda:0', grad_fn=<UnbindBackward0>)","tensor(-0.1081, device='cuda:0', grad_fn=<UnbindBackward0>)","tensor(0.2247, device='cuda:0', grad_fn=<UnbindBackward0>)"
"tensor(0.0257, device='cuda:0', grad_fn=<UnbindBackward0>)","tensor(0.6045, device='cuda:0', grad_fn=<UnbindBackward0>)","tensor(0.0259, device='cuda:0', grad_fn=<UnbindBackward0>)"
"tensor(0.1379, device='cuda:0', grad_fn=<UnbindBackward0>)","tensor(0.4329, device='cuda:0', grad_fn=<UnbindBackward0>)","tensor(-0.0436, device='cuda:0', grad_fn=<UnbindBackward0>)"
"tensor(0.0030, device='cuda:0', grad_fn=<UnbindBackward0>)","tensor(0.2210, device='cuda:0', grad_fn=<UnbindBackward0>)","tensor(0.0045, device='cuda:0', grad_fn=<UnbindBackward0>)"
"tensor(0.0911, device='cuda:0', grad_fn=<UnbindBackward0>)","tensor(-0.0966, device='cuda:0', grad_fn=<UnbindBackward0>)","tensor(0.3114, device='cuda:0', grad_fn=<UnbindBackward0>)"
"tensor(0.0295, device='cuda:0', grad_fn=<UnbindBackward0>)","tensor(0.0526, device='cuda:0', grad_fn=<UnbindBackward0>)","tensor(0.1137, device='cuda:0', grad_fn=<UnbindBackward0>)"
"tensor(-0.0091, device='cuda:0', grad_fn=<UnbindBackward0>)","tensor(0.2585, device='cuda:0', grad_fn=<UnbindBackward0>)","tensor(-0.0283, device='cuda:0', grad_fn=<UnbindBackward0>)"
"tensor(0.1271, device='cuda:0', grad_fn=<UnbindBackward0>)","tensor(-0.0508, device='cuda:0', grad_fn=<UnbindBackward0>)","tensor(0.1909, device='cuda:0', grad_fn=<UnbindBackward0>)"
"tensor(0.1212, device='cuda:0', grad_fn=<UnbindBackward0>)","tensor(0.0775, device='cuda:0', grad_fn=<UnbindBackward0>)","tensor(0.0899, device='cuda:0', grad_fn=<UnbindBackward0>)"
"tensor(-0.1361, device='cuda:0', grad_fn=<UnbindBackward0>)","tensor(0.5365, device='cuda:0', grad_fn=<UnbindBackward0>)","tensor(-0.0051, device='cuda:0', grad_fn=<UnbindBackward0>)"
"tensor(0.1148, device='cuda:0', grad_fn=<UnbindBackward0>)","tensor(0.1863, device='cuda:0', grad_fn=<UnbindBackward0>)","tensor(-0.0129, device='cuda:0', grad_fn=<UnbindBackward0>)"
"tensor(0.0002, device='cuda:0', grad_fn=<UnbindBackward0>)","tensor(0.2918, device='cuda:0', grad_fn=<UnbindBackward0>)","tensor(-0.0134, device='cuda:0', grad_fn=<UnbindBackward0>)"
"tensor(0.0279, device='cuda:0', grad_fn=<UnbindBackward0>)","tensor(0.4272, device='cuda:0', grad_fn=<UnbindBackward0>)","tensor(0.0055, device='cuda:0', grad_fn=<UnbindBackward0>)"
"tensor(0.0849, device='cuda:0', grad_fn=<UnbindBackward0>)","tensor(0.2763, device='cuda:0', grad_fn=<UnbindBackward0>)","tensor(-0.0999, device='cuda:0', grad_fn=<UnbindBackward0>)"
"tensor(0.0563, device='cuda:0', grad_fn=<UnbindBackward0>)","tensor(0.0131, device='cuda:0', grad_fn=<UnbindBackward0>)","tensor(0.1436, device='cuda:0', grad_fn=<UnbindBackward0>)"
"tensor(0.0294, device='cuda:0', grad_fn=<UnbindBackward0>)","tensor(0.1597, device='cuda:0', grad_fn=<UnbindBackward0>)","tensor(0.0036, device='cuda:0', grad_fn=<UnbindBackward0>)"
"tensor(-0.0024, device='cuda:0', grad_fn=<UnbindBackward0>)","tensor(0.2353, device='cuda:0', grad_fn=<UnbindBackward0>)","tensor(0.0207, device='cuda:0', grad_fn=<UnbindBackward0>)"
"tensor(0.0301, device='cuda:0', grad_fn=<UnbindBackward0>)","tensor(0.3264, device='cuda:0', grad_fn=<UnbindBackward0>)","tensor(0.0283, device='cuda:0', grad_fn=<UnbindBackward0>)"
"tensor(-0.1307, device='cuda:0', grad_fn=<UnbindBackward0>)","tensor(0.1870, device='cuda:0', grad_fn=<UnbindBackward0>)","tensor(0.0532, device='cuda:0', grad_fn=<UnbindBackward0>)"
"tensor(0.0524, device='cuda:0', grad_fn=<UnbindBackward0>)","tensor(0.0886, device='cuda:0', grad_fn=<UnbindBackward0>)","tensor(0.0875, device='cuda:0', grad_fn=<UnbindBackward0>)"
"tensor(0.1262, device='cuda:0', grad_fn=<UnbindBackward0>)","tensor(0.0455, device='cuda:0', grad_fn=<UnbindBackward0>)","tensor(0.0924, device='cuda:0', grad_fn=<UnbindBackward0>)"
"tensor(0.0254, device='cuda:0', grad_fn=<UnbindBackward0>)","tensor(0.0408, device='cuda:0', grad_fn=<UnbindBackward0>)","tensor(0.1401, device='cuda:0', grad_fn=<UnbindBackward0>)"
"tensor(0.0157, device='cuda:0', grad_fn=<UnbindBackward0>)","tensor(-0.0102, device='cuda:0', grad_fn=<UnbindBackward0>)","tensor(0.1094, device='cuda:0', grad_fn=<UnbindBackward0>)"
"tensor(0.0490, device='cuda:0', grad_fn=<UnbindBackward0>)","tensor(-0.0603, device='cuda:0', grad_fn=<UnbindBackward0>)","tensor(0.1332, device='cuda:0', grad_fn=<UnbindBackward0>)"
"tensor(0.1215, device='cuda:0', grad_fn=<UnbindBackward0>)","tensor(0.0998, device='cuda:0', grad_fn=<UnbindBackward0>)","tensor(0.0651, device='cuda:0', grad_fn=<UnbindBackward0>)"
"tensor(-0.0504, device='cuda:0', grad_fn=<UnbindBackward0>)","tensor(0.2852, device='cuda:0', grad_fn=<UnbindBackward0>)","tensor(-0.0010, device='cuda:0', grad_fn=<UnbindBackward0>)"
"tensor(0.0393, device='cuda:0', grad_fn=<UnbindBackward0>)","tensor(0.4008, device='cuda:0', grad_fn=<UnbindBackward0>)","tensor(-0.0748, device='cuda:0', grad_fn=<UnbindBackward0>)"
"tensor(-0.0423, device='cuda:0', grad_fn=<UnbindBackward0>)","tensor(0.0993, device='cuda:0', grad_fn=<UnbindBackward0>)","tensor(0.1196, device='cuda:0', grad_fn=<UnbindBackward0>)"
"tensor(-0.0439, device='cuda:0', grad_fn=<UnbindBackward0>)","tensor(0.2431, device='cuda:0', grad_fn=<UnbindBackward0>)","tensor(0.0340, device='cuda:0', grad_fn=<UnbindBackward0>)"
"tensor(-0.1021, device='cuda:0', grad_fn=<UnbindBackward0>)","tensor(0.2676, device='cuda:0', grad_fn=<UnbindBackward0>)","tensor(-0.0680, device='cuda:0', grad_fn=<UnbindBackward0>)"
"tensor(0.0934, device='cuda:0', grad_fn=<UnbindBackward0>)","tensor(0.0533, device='cuda:0', grad_fn=<UnbindBackward0>)","tensor(0.1162, device='cuda:0', grad_fn=<UnbindBackward0>)"
"tensor(0.0437, device='cuda:0', grad_fn=<UnbindBackward0>)","tensor(0.1154, device='cuda:0', grad_fn=<UnbindBackward0>)","tensor(0.1079, device='cuda:0', grad_fn=<UnbindBackward0>)"
"tensor(0.0443, device='cuda:0', grad_fn=<UnbindBackward0>)","tensor(0.0953, device='cuda:0', grad_fn=<UnbindBackward0>)","tensor(0.0553, device='cuda:0', grad_fn=<UnbindBackward0>)"
"tensor(0.0686, device='cuda:0', grad_fn=<UnbindBackward0>)","tensor(0.0504, device='cuda:0', grad_fn=<UnbindBackward0>)","tensor(0.1158, device='cuda:0', grad_fn=<UnbindBackward0>)"
"tensor(-0.0963, device='cuda:0', grad_fn=<UnbindBackward0>)","tensor(0.3291, device='cuda:0', grad_fn=<UnbindBackward0>)","tensor(0.0309, device='cuda:0', grad_fn=<UnbindBackward0>)"
"tensor(0.1138, device='cuda:0', grad_fn=<UnbindBackward0>)","tensor(0.0792, device='cuda:0', grad_fn=<UnbindBackward0>)","tensor(0.1665, device='cuda:0', grad_fn=<UnbindBackward0>)"
"tensor(0.0445, device='cuda:0', grad_fn=<UnbindBackward0>)","tensor(0.0842, device='cuda:0', grad_fn=<UnbindBackward0>)","tensor(0.1500, device='cuda:0', grad_fn=<UnbindBackward0>)"
"tensor(-0.0376, device='cuda:0', grad_fn=<UnbindBackward0>)","tensor(-0.3544, device='cuda:0', grad_fn=<UnbindBackward0>)","tensor(0.2494, device='cuda:0', grad_fn=<UnbindBackward0>)"
"tensor(-0.2124, device='cuda:0', grad_fn=<UnbindBackward0>)","tensor(0.3625, device='cuda:0', grad_fn=<UnbindBackward0>)","tensor(0.1502, device='cuda:0', grad_fn=<UnbindBackward0>)"
"tensor(-0.0766, device='cuda:0', grad_fn=<UnbindBackward0>)","tensor(0.3755, device='cuda:0', grad_fn=<UnbindBackward0>)","tensor(-0.0092, device='cuda:0', grad_fn=<UnbindBackward0>)"
"tensor(0.0371, device='cuda:0', grad_fn=<UnbindBackward0>)","tensor(0.1990, device='cuda:0', grad_fn=<UnbindBackward0>)","tensor(0.1100, device='cuda:0', grad_fn=<UnbindBackward0>)"
"tensor(0.0010, device='cuda:0', grad_fn=<UnbindBackward0>)","tensor(0.1286, device='cuda:0', grad_fn=<UnbindBackward0>)","tensor(0.0273, device='cuda:0', grad_fn=<UnbindBackward0>)"
"tensor(-0.0152, device='cuda:0', grad_fn=<UnbindBackward0>)","tensor(0.4318, device='cuda:0', grad_fn=<UnbindBackward0>)","tensor(-0.1513, device='cuda:0', grad_fn=<UnbindBackward0>)"
"tensor(0.0899, device='cuda:0', grad_fn=<UnbindBackward0>)","tensor(0.0281, device='cuda:0', grad_fn=<UnbindBackward0>)","tensor(0.1750, device='cuda:0', grad_fn=<UnbindBackward0>)"
"tensor(0.0256, device='cuda:0', grad_fn=<UnbindBackward0>)","tensor(0.3194, device='cuda:0', grad_fn=<UnbindBackward0>)","tensor(-0.0206, device='cuda:0', grad_fn=<UnbindBackward0>)"
"tensor(-0.0629, device='cuda:0', grad_fn=<UnbindBackward0>)","tensor(0.2061, device='cuda:0', grad_fn=<UnbindBackward0>)","tensor(0.0712, device='cuda:0', grad_fn=<UnbindBackward0>)"
"tensor(-0.0009, device='cuda:0', grad_fn=<UnbindBackward0>)","tensor(0.3271, device='cuda:0', grad_fn=<UnbindBackward0>)","tensor(-0.0220, device='cuda:0', grad_fn=<UnbindBackward0>)"
"tensor(-0.0076, device='cuda:0', grad_fn=<UnbindBackward0>)","tensor(-0.0278, device='cuda:0', grad_fn=<UnbindBackward0>)","tensor(0.1124, device='cuda:0', grad_fn=<UnbindBackward0>)"
"tensor(-0.1185, device='cuda:0', grad_fn=<UnbindBackward0>)","tensor(0.3339, device='cuda:0', grad_fn=<UnbindBackward0>)","tensor(-0.1181, device='cuda:0', grad_fn=<UnbindBackward0>)"
"tensor(0.0339, device='cuda:0', grad_fn=<UnbindBackward0>)","tensor(0.0529, device='cuda:0', grad_fn=<UnbindBackward0>)","tensor(0.1725, device='cuda:0', grad_fn=<UnbindBackward0>)"
"tensor(0.0990, device='cuda:0', grad_fn=<UnbindBackward0>)","tensor(0.1745, device='cuda:0', grad_fn=<UnbindBackward0>)","tensor(0.0564, device='cuda:0', grad_fn=<UnbindBackward0>)"
"tensor(0.0242, device='cuda:0', grad_fn=<UnbindBackward0>)","tensor(0.3166, device='cuda:0', grad_fn=<UnbindBackward0>)","tensor(0.0530, device='cuda:0', grad_fn=<UnbindBackward0>)"
"tensor(0.0431, device='cuda:0', grad_fn=<UnbindBackward0>)","tensor(0.2270, device='cuda:0', grad_fn=<UnbindBackward0>)","tensor(0.0084, device='cuda:0', grad_fn=<UnbindBackward0>)"
"tensor(0.1053, device='cuda:0', grad_fn=<UnbindBackward0>)","tensor(0.1733, device='cuda:0', grad_fn=<UnbindBackward0>)","tensor(0.0358, device='cuda:0', grad_fn=<UnbindBackward0>)"
"tensor(0.0660, device='cuda:0', grad_fn=<UnbindBackward0>)","tensor(0.1941, device='cuda:0', grad_fn=<UnbindBackward0>)","tensor(0.0028, device='cuda:0', grad_fn=<UnbindBackward0>)"
"tensor(0.0280, device='cuda:0', grad_fn=<UnbindBackward0>)","tensor(0.3063, device='cuda:0', grad_fn=<UnbindBackward0>)","tensor(-0.0032, device='cuda:0', grad_fn=<UnbindBackward0>)"
"tensor(0.0167, device='cuda:0', grad_fn=<UnbindBackward0>)","tensor(0.1037, device='cuda:0', grad_fn=<UnbindBackward0>)","tensor(0.1784, device='cuda:0', grad_fn=<UnbindBackward0>)"
"tensor(-0.0013, device='cuda:0', grad_fn=<UnbindBackward0>)","tensor(0.2377, device='cuda:0', grad_fn=<UnbindBackward0>)","tensor(0.0890, device='cuda:0', grad_fn=<UnbindBackward0>)"
"tensor(0.0560, device='cuda:0', grad_fn=<UnbindBackward0>)","tensor(0.0192, device='cuda:0', grad_fn=<UnbindBackward0>)","tensor(0.0726, device='cuda:0', grad_fn=<UnbindBackward0>)"
"tensor(0.0289, device='cuda:0', grad_fn=<UnbindBackward0>)","tensor(0.0597, device='cuda:0', grad_fn=<UnbindBackward0>)","tensor(0.1423, device='cuda:0', grad_fn=<UnbindBackward0>)"
"tensor(-0.0206, device='cuda:0', grad_fn=<UnbindBackward0>)","tensor(-0.0212, device='cuda:0', grad_fn=<UnbindBackward0>)","tensor(0.3168, device='cuda:0', grad_fn=<UnbindBackward0>)"
"tensor(0.1023, device='cuda:0', grad_fn=<UnbindBackward0>)","tensor(0.3152, device='cuda:0', grad_fn=<UnbindBackward0>)","tensor(-0.0859, device='cuda:0', grad_fn=<UnbindBackward0>)"
"tensor(0.0386, device='cuda:0', grad_fn=<UnbindBackward0>)","tensor(0.0888, device='cuda:0', grad_fn=<UnbindBackward0>)","tensor(0.0900, device='cuda:0', grad_fn=<UnbindBackward0>)"
"tensor(0.0394, device='cuda:0', grad_fn=<UnbindBackward0>)","tensor(0.1572, device='cuda:0', grad_fn=<UnbindBackward0>)","tensor(0.0111, device='cuda:0', grad_fn=<UnbindBackward0>)"
"tensor(0.0657, device='cuda:0', grad_fn=<UnbindBackward0>)","tensor(0.1258, device='cuda:0', grad_fn=<UnbindBackward0>)","tensor(0.0555, device='cuda:0', grad_fn=<UnbindBackward0>)"
"tensor(0.0203, device='cuda:0', grad_fn=<UnbindBackward0>)","tensor(0.1254, device='cuda:0', grad_fn=<UnbindBackward0>)","tensor(0.0871, device='cuda:0', grad_fn=<UnbindBackward0>)"
"tensor(0.0337, device='cuda:0', grad_fn=<UnbindBackward0>)","tensor(0.0685, device='cuda:0', grad_fn=<UnbindBackward0>)","tensor(0.2117, device='cuda:0', grad_fn=<UnbindBackward0>)"
"tensor(0.2015, device='cuda:0', grad_fn=<UnbindBackward0>)","tensor(-0.2649, device='cuda:0', grad_fn=<UnbindBackward0>)","tensor(0.1712, device='cuda:0', grad_fn=<UnbindBackward0>)"
"tensor(-0.0865, device='cuda:0', grad_fn=<UnbindBackward0>)","tensor(0.1667, device='cuda:0', grad_fn=<UnbindBackward0>)","tensor(0.1639, device='cuda:0', grad_fn=<UnbindBackward0>)"
"tensor(0.0366, device='cuda:0', grad_fn=<UnbindBackward0>)","tensor(-0.1389, device='cuda:0', grad_fn=<UnbindBackward0>)","tensor(0.2545, device='cuda:0', grad_fn=<UnbindBackward0>)"
"tensor(0.1004, device='cuda:0', grad_fn=<UnbindBackward0>)","tensor(0.1071, device='cuda:0', grad_fn=<UnbindBackward0>)","tensor(0.1137, device='cuda:0', grad_fn=<UnbindBackward0>)"
"tensor(-0.0786, device='cuda:0', grad_fn=<UnbindBackward0>)","tensor(0.0981, device='cuda:0', grad_fn=<UnbindBackward0>)","tensor(0.1950, device='cuda:0', grad_fn=<UnbindBackward0>)"
"tensor(-0.0158, device='cuda:0', grad_fn=<UnbindBackward0>)","tensor(-0.1170, device='cuda:0', grad_fn=<UnbindBackward0>)","tensor(0.3175, device='cuda:0', grad_fn=<UnbindBackward0>)"
"tensor(0.1315, device='cuda:0', grad_fn=<UnbindBackward0>)","tensor(-0.0280, device='cuda:0', grad_fn=<UnbindBackward0>)","tensor(0.2795, device='cuda:0', grad_fn=<UnbindBackward0>)"
"tensor(-0.0412, device='cuda:0', grad_fn=<UnbindBackward0>)","tensor(0.0997, device='cuda:0', grad_fn=<UnbindBackward0>)","tensor(0.1417, device='cuda:0', grad_fn=<UnbindBackward0>)"
"tensor(0.0212, device='cuda:0', grad_fn=<UnbindBackward0>)","tensor(0.2324, device='cuda:0', grad_fn=<UnbindBackward0>)","tensor(0.0576, device='cuda:0', grad_fn=<UnbindBackward0>)"
"tensor(0.0828, device='cuda:0', grad_fn=<UnbindBackward0>)","tensor(-0.2290, device='cuda:0', grad_fn=<UnbindBackward0>)","tensor(0.3391, device='cuda:0', grad_fn=<UnbindBackward0>)"
"tensor(0.1136, device='cuda:0', grad_fn=<UnbindBackward0>)","tensor(-0.1037, device='cuda:0', grad_fn=<UnbindBackward0>)","tensor(0.2614, device='cuda:0', grad_fn=<UnbindBackward0>)"
"tensor(0.1147, device='cuda:0', grad_fn=<UnbindBackward0>)","tensor(0.0338, device='cuda:0', grad_fn=<UnbindBackward0>)","tensor(0.1282, device='cuda:0', grad_fn=<UnbindBackward0>)"
"tensor(0.0918, device='cuda:0', grad_fn=<UnbindBackward0>)","tensor(-0.0525, device='cuda:0', grad_fn=<UnbindBackward0>)","tensor(0.1881, device='cuda:0', grad_fn=<UnbindBackward0>)"
"tensor(-0.1130, device='cuda:0', grad_fn=<UnbindBackward0>)","tensor(0.1142, device='cuda:0', grad_fn=<UnbindBackward0>)","tensor(0.2273, device='cuda:0', grad_fn=<UnbindBackward0>)"
"tensor(0.2057, device='cuda:0', grad_fn=<UnbindBackward0>)","tensor(-0.0866, device='cuda:0', grad_fn=<UnbindBackward0>)","tensor(0.1033, device='cuda:0', grad_fn=<UnbindBackward0>)"
"tensor(-0.0201, device='cuda:0', grad_fn=<UnbindBackward0>)","tensor(-0.2829, device='cuda:0', grad_fn=<UnbindBackward0>)","tensor(0.2957, device='cuda:0', grad_fn=<UnbindBackward0>)"
"tensor(0.1472, device='cuda:0', grad_fn=<UnbindBackward0>)","tensor(-0.0285, device='cuda:0', grad_fn=<UnbindBackward0>)","tensor(0.1449, device='cuda:0', grad_fn=<UnbindBackward0>)"
"tensor(0.1038, device='cuda:0', grad_fn=<UnbindBackward0>)","tensor(-0.1170, device='cuda:0', grad_fn=<UnbindBackward0>)","tensor(0.2565, device='cuda:0', grad_fn=<UnbindBackward0>)"
"tensor(-0.0181, device='cuda:0', grad_fn=<UnbindBackward0>)","tensor(-0.0995, device='cuda:0', grad_fn=<UnbindBackward0>)","tensor(0.3188, device='cuda:0', grad_fn=<UnbindBackward0>)"
"tensor(0.0594, device='cuda:0', grad_fn=<UnbindBackward0>)","tensor(0.1106, device='cuda:0', grad_fn=<UnbindBackward0>)","tensor(0.1297, device='cuda:0', grad_fn=<UnbindBackward0>)"
"tensor(0.0385, device='cuda:0', grad_fn=<UnbindBackward0>)","tensor(-0.0347, device='cuda:0', grad_fn=<UnbindBackward0>)","tensor(0.1450, device='cuda:0', grad_fn=<UnbindBackward0>)"
"tensor(-0.0398, device='cuda:0', grad_fn=<UnbindBackward0>)","tensor(0.1125, device='cuda:0', grad_fn=<UnbindBackward0>)","tensor(0.1564, device='cuda:0', grad_fn=<UnbindBackward0>)"
"tensor(0.0428, device='cuda:0', grad_fn=<UnbindBackward0>)","tensor(-0.1129, device='cuda:0', grad_fn=<UnbindBackward0>)","tensor(0.1652, device='cuda:0', grad_fn=<UnbindBackward0>)"
"tensor(0.0729, device='cuda:0', grad_fn=<UnbindBackward0>)","tensor(0.0723, device='cuda:0', grad_fn=<UnbindBackward0>)","tensor(0.1046, device='cuda:0', grad_fn=<UnbindBackward0>)"
"tensor(0.2079, device='cuda:0', grad_fn=<UnbindBackward0>)","tensor(-0.4935, device='cuda:0', grad_fn=<UnbindBackward0>)","tensor(0.4754, device='cuda:0', grad_fn=<UnbindBackward0>)"
"tensor(-0.0416, device='cuda:0', grad_fn=<UnbindBackward0>)","tensor(0.0807, device='cuda:0', grad_fn=<UnbindBackward0>)","tensor(0.1282, device='cuda:0', grad_fn=<UnbindBackward0>)"
"tensor(0.1315, device='cuda:0', grad_fn=<UnbindBackward0>)","tensor(0.0332, device='cuda:0', grad_fn=<UnbindBackward0>)","tensor(0.0632, device='cuda:0', grad_fn=<UnbindBackward0>)"
